tree
version=v4
num_class=1
num_tree_per_iteration=1
label_index=0
max_feature_idx=10
objective=regression
feature_names=Column_0 Column_1 Column_2 Column_3 Column_4 Column_5 Column_6 Column_7 Column_8 Column_9 Column_10
feature_infos=[-1.6725367920840148:1.6947354167098114] [-1.6554214493157693:10.09441507352228] [-1.4593982149076969:8.3530327570811185] [-3.1610570136972873:6.4801760441712757] [-10.72973331275419:7.5997144834787917] [-0.80268181131946403:15.711878149194243] [-0.75396905203500997:13.93962846098473] [-1.3072984557905638:2.007822169760344] [-0.39570122712473288:2.5271592086444907] [-1.7779763472413188:5.6720136118451663] [-0.91016210738987746:1.0987053755377061]
tree_sizes=799 854 852 847 848 856 768 772 777 851 770 775 775 855 773 767 854 772 851 775 775 860 857 861 770 855 779 795 857 775 854 774 859 774 857 858 861 778 864 860 861 861 780 862 863 777 863 858 772 861 864 862 782 860 865 863 777 794 856 858 783 859 866 858 868 772 868 861 790 854 786 860 777 865 860 856 778 859 860 859 869 781 868 868 772 787 867 870 781 871 851 869 861 780 783 875 781 782 870 867 871 787 785 788 869 865 876 795 789 791 784 782 789 781 778 785 780 789 783 792 787 780 786 790 773 788 786 789 772 794 787 786 785 790 784 794 785 779 782 864 875 784 779 796 875 875 781 865 874 877 785 789 877 786 872 865 791 788 872 798 788 865 868 803 871 797 785 877 869 783 781 797 798 882 870 797 788 790 792 797 878 786 882 876 785 787 878 874 796 873 878 795 790 785 797 793 791 879 875 789 800 891 878 784 891 880 796 881 792 790 881 803 878 884 799 802 715 787 713 793 715 799 879 797 702 801 712 802 887 791 889 796 788 890 889 880 791 788 882 881 884 887 791 888 877 793 697 891 794 802 885 704 794 890 800 872 786 796 786 875 888 878 806 875 803 789 791 881 794 784 787 804 788 873 888 794 707 791 889 790 783 799 791 789 804 793 795 697 786 795 791 698 791 791 696 881 792 604 704 699

Tree=0
num_leaves=8
num_cat=0
split_feature=1 1 1 9 1 4 1
split_gain=5653.17 856.989 744.318 290.162 99.3938 72.096 67.5109
threshold=1.3710515944455464 0.24399851072809722 3.3978299223943007 -0.12125692139095462 0.74110697900201472 -0.50132785308169558 2.3570518620962919
decision_type=2 2 2 2 2 2 2
left_child=1 3 6 -1 -3 -4 -2
right_child=2 4 5 -5 -6 -7 -8
leaf_value=5.7968424277598265 5.8439430973096931 5.8149519252508544 5.9078914045794511 5.8045223637180703 5.8277868994750115 5.883592421289114 5.8615850387163473
leaf_weight=4033 245 651 102 3307 339 88 121
leaf_count=4033 245 651 102 3307 339 88 121
internal_value=5.80653 5.80257 5.86585 5.8003 5.81935 5.89671 5.8498
internal_weight=8886 8330 556 7340 990 190 366
internal_count=8886 8330 556 7340 990 190 366
is_linear=0
shrinkage=1


Tree=1
num_leaves=8
num_cat=0
split_feature=5 5 5 9 5 4 5
split_gain=5438.24 824.439 716.05 272.375 105.256 69.3535 64.948
threshold=0.88999127094213304 0.037269137800481092 3.0170665356400752 -0.26359905778680742 0.39122377644197243 -0.50132785308169558 1.8252349008394286
decision_type=2 2 2 2 2 2 2
left_child=1 3 6 -1 -3 -4 -2
right_child=2 4 5 -5 -6 -7 -8
leaf_value=-0.0099134587816119973 0.036697372876563869 0.0078333934129635237 0.099419304506700792 -0.0024790934036240334 0.020851392154836512 0.075586939527440111 0.054001200413578448
leaf_weight=3624 245 710 102 3657 339 88 121
leaf_count=3624 245 710 102 3657 339 88 121
internal_value=1.00628e-07 -0.00388461 0.0581852 -0.00617957 0.0120429 0.0884548 0.0424393
internal_weight=8886 8330 556 7281 1049 190 366
internal_count=8886 8330 556 7281 1049 190 366
is_linear=0
shrinkage=0.0192184


Tree=2
num_leaves=8
num_cat=0
split_feature=1 1 1 9 1 4 1
split_gain=5231.47 793.795 688.855 244.962 123.334 66.7153 62.4824
threshold=1.3710515944455464 0.16594015620574651 3.3978299223943007 -0.26359905778680742 0.74110697900201472 -0.50132785308169558 2.3570518620962919
decision_type=2 2 2 2 2 2 2
left_child=1 3 6 -1 -3 -4 -2
right_child=2 4 5 -5 -6 -7 -8
leaf_value=-0.0097739567479292171 0.035992572537750123 0.00677241958355737 0.097511641558779852 -0.0026475373081678629 0.020450852848605584 0.074136941327097708 0.052964767844814846
leaf_weight=3600 245 864 102 3527 339 88 121
leaf_count=3600 245 864 102 3527 339 88 121
internal_value=1.97279e-07 -0.00380995 0.0570684 -0.00624738 0.0106292 0.0867577 0.0416245
internal_weight=8886 8330 556 7127 1203 190 366
internal_count=8886 8330 556 7127 1203 190 366
is_linear=0
shrinkage=0.0192184


Tree=3
num_leaves=8
num_cat=0
split_feature=1 1 1 9 1 4 1
split_gain=5032.57 764.967 662.694 260.125 87.9815 64.4468 60.1104
threshold=1.3710515944455464 0.24399851072809722 3.3978299223943007 -0.12125692139095462 0.74110697900201472 -0.53218550930430952 2.3570518620962919
decision_type=2 2 2 2 2 2 2
left_child=1 3 6 -1 -3 -4 -2
right_child=2 4 5 -5 -6 -7 -8
leaf_value=-0.0091517039968870232 0.03530130867824164 0.0079823006701649941 0.096967613749823517 -0.0018801289326848504 0.020058007591139265 0.07403796197704629 0.05194822756432875
leaf_weight=4033 245 651 91 3307 339 99 121
leaf_count=4033 245 651 91 3307 339 99 121
internal_value=2.89666e-07 -0.00373672 0.0559731 -0.00587565 0.0121199 0.0850931 0.0408253
internal_weight=8886 8330 556 7340 990 190 366
internal_count=8886 8330 556 7340 990 190 366
is_linear=0
shrinkage=0.0192184


Tree=4
num_leaves=8
num_cat=0
split_feature=1 1 1 9 1 4 1
split_gain=4841.23 737.812 637.527 219.925 123.739 62.0094 57.8285
threshold=1.3710515944455464 0.13855125988211467 3.3978299223943007 -0.45064175585803706 0.60416249738385563 -0.50132785308169558 2.3570518620962919
decision_type=2 2 2 2 2 2 2
left_child=1 3 6 -1 -3 -4 -2
right_child=2 4 5 -5 -6 -7 -8
leaf_value=-0.0099425517830698008 0.034623321593394284 0.00531993141526 0.093827423079019534 -0.0031020354466475253 0.017806576260493232 0.071294476721442249 0.050951196659485276
leaf_weight=3091 245 824 102 3960 455 88 121
leaf_count=3091 245 824 102 3960 455 88 121
internal_value=3.80426e-07 -0.0036649 0.0548988 -0.00610092 0.0097637 0.0834606 0.0400414
internal_weight=8886 8330 556 7051 1279 190 366
internal_count=8886 8330 556 7051 1279 190 366
is_linear=0
shrinkage=0.0192184


Tree=5
num_leaves=8
num_cat=0
split_feature=1 1 1 9 1 4 1
split_gain=4657.16 711.592 613.314 186.918 156.635 59.9121 55.6332
threshold=1.3710515944455464 0.046798457197948042 3.3978299223943007 -0.45064175585803706 0.52199580841296023 -0.53218550930430952 2.3570518620962919
decision_type=2 2 2 2 2 2 2
left_child=1 3 6 -1 -3 -4 -2
right_child=2 4 5 -5 -6 -7 -8
leaf_value=-0.0098468608222481071 0.033958354331588593 0.0036886209861967359 0.093307330232854507 -0.0034193861762781218 0.016483104086032038 0.071201414701590568 0.049973301614702779
leaf_weight=3035 245 1041 91 3719 535 99 121
leaf_count=3035 245 1041 91 3719 535 99 121
internal_value=4.64123e-07 -0.00359447 0.0538452 -0.00630782 0.00803317 0.0818593 0.0392726
internal_weight=8886 8330 556 6754 1576 190 366
internal_count=8886 8330 556 6754 1576 190 366
is_linear=0
shrinkage=0.0192184


Tree=6
num_leaves=7
num_cat=0
split_feature=1 1 1 0 1 1
split_gain=4480.09 684.617 591.906 219.699 101.341 71.5058
threshold=1.3710515944455464 0.27549574150027378 3.8771356080578578 -0.12467779288040114 2.767885306950769 0.74110697900201472
decision_type=2 2 2 2 2 2
left_child=1 3 4 -1 -2 -3
right_child=2 5 -4 -5 -6 -7
leaf_value=-0.0086570490028187556 0.034987686935887628 0.0079560928540725537 0.085284230004967626 -0.0020257209984887899 0.057057657783694801 0.019014028836148281
leaf_weight=3857 301 596 151 3538 104 339
leaf_count=3857 301 596 151 3538 104 339
internal_value=5.44518e-07 -0.00352538 0.0528117 -0.00548453 0.0406755 0.0119679
internal_weight=8886 8330 556 7395 405 935
internal_count=8886 8330 556 7395 405 935
is_linear=0
shrinkage=0.0192184


Tree=7
num_leaves=7
num_cat=0
split_feature=1 1 1 9 1 1
split_gain=4309.7 663.719 569.401 175.258 144.175 97.495
threshold=1.3710515944455464 0.046798457197948042 3.8771356080578578 -0.12125692139095462 0.52199580841296023 2.767885306950769
decision_type=2 2 2 2 2 2
left_child=1 3 5 -1 -3 -2
right_child=2 4 -4 -5 -6 -7
leaf_value=-0.0087352248173130746 0.034315639881266659 0.0036038987713910031 0.083646955636217074 -0.0024710382412066298 0.015878944562052879 0.055962801679438186
leaf_weight=3889 301 1041 151 2865 535 104
leaf_count=3889 301 1041 151 2865 535 104
internal_value=6.01713e-07 -0.00345763 0.0517978 -0.00607812 0.00777207 0.0398945
internal_weight=8886 8330 556 6754 1576 405
internal_count=8886 8330 556 6754 1576 405
is_linear=0
shrinkage=0.0192184


Tree=8
num_leaves=7
num_cat=0
split_feature=5 5 5 9 5 5
split_gain=4145.79 638.457 547.751 169.431 138.688 93.7953
threshold=0.88999127094213304 -0.069328769721554648 3.6366690789609994 -0.45064175585803706 0.23578645980171223 2.2705890103143314
decision_type=2 2 2 2 2 2
left_child=1 3 5 -1 -3 -2
right_child=2 4 -4 -5 -6 -7
leaf_value=-0.0093307439033746189 0.033656501437013119 0.0035346483501948137 0.082041110652702254 -0.0032113091654083973 0.015573868761542259 0.054888954315018799
leaf_weight=3035 301 1041 151 3719 535 104
leaf_count=3035 301 1041 151 3719 535 104
internal_value=6.53828e-07 -0.00339117 0.0508033 -0.00596132 0.00762275 0.0391285
internal_weight=8886 8330 556 6754 1576 405
internal_count=8886 8330 556 6754 1576 405
is_linear=0
shrinkage=0.0192184


Tree=9
num_leaves=8
num_cat=0
split_feature=1 1 1 9 1 6 1
split_gain=3988.11 614.157 527.042 163.588 133.411 55.0436 49.0818
threshold=1.3710515944455464 0.046798457197948042 3.3978299223943007 -0.12125692139095462 0.52199580841296023 4.0810892711446511 2.3570518620962919
decision_type=2 2 2 2 2 2 2
left_child=1 3 6 -1 -3 -4 -2
right_child=2 4 5 -5 -6 -7 -8
leaf_value=-0.0084138645406707929 0.031328739646622868 0.0034667285571828113 0.065599377701462777 -0.0023618387252081468 0.015274654395717293 0.086755087417260984 0.046368448031990424
leaf_weight=3889 245 1041 99 2865 535 91 121
leaf_count=3889 245 1041 99 2865 535 91 121
internal_value=7.03159e-07 -0.003326 0.0498279 -0.00584676 0.00747629 0.075797 0.0363192
internal_weight=8886 8330 556 6754 1576 190 366
internal_count=8886 8330 556 6754 1576 190 366
is_linear=0
shrinkage=0.0192184


Tree=10
num_leaves=7
num_cat=0
split_feature=5 5 5 9 5 5
split_gain=3836.48 591.334 508.567 208.555 89.0806 63.0072
threshold=0.88999127094213304 0.072053331318292127 3.691792565550418 -0.12125692139095462 2.2705890103143314 0.39122377644197243
decision_type=2 2 2 2 2 2
left_child=1 3 4 -1 -2 -3
right_child=2 5 -4 -5 -6 -7
leaf_value=-0.0080190931512571419 0.032354512796037599 0.0073712340554047415 0.079247177907338318 -0.0015353166149779864 0.052899579614343752 0.01775118451119391
leaf_weight=4046 301 596 149 3349 106 339
leaf_count=4046 301 596 149 3349 106 339
internal_value=7.72791e-07 -0.00326207 0.0488715 -0.00508286 0.0377242 0.0111371
internal_weight=8886 8330 556 7395 407 935
internal_count=8886 8330 556 7395 407 935
is_linear=0
shrinkage=0.0192184


Tree=11
num_leaves=7
num_cat=0
split_feature=1 1 1 1 1 1
split_gain=3690.57 572.498 489.237 122.841 83.6219 73.7364
threshold=1.3710515944455464 0.046798457197948042 3.8771356080578578 0.52199580841296023 2.767885306950769 -0.19011549600146707
decision_type=2 2 2 2 2 2
left_child=1 5 4 -3 -2 -1
right_child=2 3 -4 -5 -6 -7
leaf_value=-0.0067743994618614228 0.031733044976259291 0.0033826446762683917 0.077455359634691565 0.014713202706583828 0.051780807213463481 -0.0020996968607145104
leaf_weight=5105 301 1041 151 535 104 1649
leaf_count=5105 301 1041 151 535 104 1649
internal_value=8.20855e-07 -0.00319938 0.0479332 0.00723011 0.0368997 -0.00563314
internal_weight=8886 8330 556 1576 405 6754
internal_count=8886 8330 556 1576 405 6754
is_linear=0
shrinkage=0.0192184


Tree=12
num_leaves=7
num_cat=0
split_feature=5 5 5 9 5 5
split_gain=3550.21 550.708 470.798 152.189 118.64 82.3862
threshold=0.88999127094213304 -0.069328769721554648 3.691792565550418 -0.45064175585803706 0.29298389935192032 2.2705890103143314
decision_type=2 2 2 2 2 2
left_child=1 3 5 -1 -3 -2
right_child=2 4 -4 -5 -6 -7
leaf_value=-0.0087182636534547005 0.031123513768671535 0.0037307703386485979 0.076238867041236502 -0.0029185680569085632 0.015366127439155074 0.050881554552357981
leaf_weight=3035 301 1121 149 3719 455 106
leaf_count=3035 301 1121 149 3719 455 106
internal_value=8.6458e-07 -0.00313789 0.0470129 -0.00552489 0.00709119 0.0362875
internal_weight=8886 8330 556 6754 1576 407
internal_count=8886 8330 556 6754 1576 407
is_linear=0
shrinkage=0.0192184


Tree=13
num_leaves=8
num_cat=0
split_feature=1 1 1 0 1 4 0
split_gain=3415.18 530.551 453.359 156.377 90.7532 77.8024 31.4544
threshold=1.3710515944455464 0.13855125988211467 3.0691631665107191 -0.12467779288040114 0.74110697900201472 -0.50132785308169558 1.1787824169752736
decision_type=2 2 2 2 2 2 2
left_child=1 3 6 -1 -3 -4 -2
right_child=2 4 5 -5 -6 -7 -8
leaf_value=-0.0078071426200538715 0.035757762692115953 0.0052337757984028026 0.079556396208625188 -0.0020682064960394859 0.016832395969397881 0.056359233142982822 0.022581689181400202
leaf_weight=3778 243 940 106 3273 339 113 94
leaf_count=3778 243 940 106 3273 339 113 94
internal_value=9.05833e-07 -0.00307758 0.0461103 -0.0051433 0.00830974 0.0676375 0.0320951
internal_weight=8886 8330 556 7051 1279 219 337
internal_count=8886 8330 556 7051 1279 219 337
is_linear=0
shrinkage=0.0192184


Tree=14
num_leaves=7
num_cat=0
split_feature=1 1 1 9 1 1
split_gain=3285.32 511.45 437.463 142.336 110.202 76.507
threshold=1.3710515944455464 0.046798457197948042 3.9182189525433055 -0.45064175585803706 0.52199580841296023 2.767885306950769
decision_type=2 2 2 2 2 2
left_child=1 3 5 -1 -3 -2
right_child=2 4 -4 -5 -6 -7
leaf_value=-0.0084070479194941483 0.029910321189564354 0.0031951650554834289 0.073397414220019344 -0.0027982390283106356 0.013926972103189337 0.048950027685216425
leaf_weight=3035 301 1041 149 3719 535 106
leaf_count=3035 301 1041 149 3719 535 106
internal_value=9.60592e-07 -0.00301843 0.0452252 -0.00531877 0.00683931 0.0348865
internal_weight=8886 8330 556 6754 1576 407
internal_count=8886 8330 556 6754 1576 407
is_linear=0
shrinkage=0.0192184


Tree=15
num_leaves=7
num_cat=0
split_feature=1 1 1 7 1 1
split_gain=3160.37 493.39 420.831 168.694 73.6035 52.7045
threshold=1.3710515944455464 0.27549574150027378 3.9182189525433055 -0.30419620594274538 2.767885306950769 0.74110697900201472
decision_type=2 2 2 2 2 2
left_child=1 3 4 -1 -2 -3
right_child=2 5 -4 -5 -6 -7
leaf_value=-0.0074035570656836814 0.029335800905905991 0.0067480809471334403 0.071988358983860815 -0.0015927697522291802 0.048010717505471527 0.01624153168636595
leaf_weight=3857 301 596 149 3538 106 339
leaf_count=3857 301 596 149 3538 106 339
internal_value=9.97367e-07 -0.00296042 0.0443569 -0.00462359 0.0342167 0.0101923
internal_weight=8886 8330 556 7395 407 935
internal_count=8886 8330 556 7395 407 935
is_linear=0
shrinkage=0.0192184


Tree=16
num_leaves=8
num_cat=0
split_feature=1 1 1 0 1 4 1
split_gain=3040.17 476.985 405.108 127.852 101.529 47.0723 41.9034
threshold=1.3710515944455464 0.046798457197948042 3.3978299223943007 -0.12467779288040114 0.60416249738385563 -0.53218550930430952 2.0283851062127103
decision_type=2 2 2 2 2 2 2
left_child=1 3 6 -1 -3 -4 -2
right_child=2 4 5 -5 -6 -7 -8
leaf_value=-0.0075372958544599519 0.025255337776648758 0.0035076328065483178 0.076386115219096246 -0.0022265525307567178 0.014271264814559585 0.05686745972368757 0.038326215291395495
leaf_weight=3686 187 1121 91 3068 455 99 179
leaf_count=3686 187 1121 91 3068 455 99 179
internal_value=1.03534e-06 -0.00290352 0.0435053 -0.00512501 0.0066163 0.0662728 0.031662
internal_weight=8886 8330 556 6754 1576 190 366
internal_count=8886 8330 556 6754 1576 190 366
is_linear=0
shrinkage=0.0192184


Tree=17
num_leaves=7
num_cat=0
split_feature=1 1 1 0 1 1
split_gain=2924.58 458.831 390.677 122.985 98.2999 68.4863
threshold=1.3710515944455464 0.046798457197948042 3.9182189525433055 -0.12467779288040114 0.74110697900201472 2.767885306950769
decision_type=2 2 2 2 2 2
left_child=1 3 5 -1 -3 -2
right_child=2 4 -4 -5 -6 -7
leaf_value=-0.0073924474290064032 0.028192120805477415 0.003975456607680828 0.069293332150947975 -0.0021837641355181704 0.01565540364268082 0.04620576742221455
leaf_weight=3686 301 1237 149 3068 339 106
leaf_count=3686 301 1237 149 3068 339 106
internal_value=1.08697e-06 -0.00284771 0.0426703 -0.00502652 0.00648918 0.0329001
internal_weight=8886 8330 556 6754 1576 407
internal_count=8886 8330 556 6754 1576 407
is_linear=0
shrinkage=0.0192184


Tree=18
num_leaves=8
num_cat=0
split_feature=1 1 1 9 4 1 0
split_gain=2813.35 443.078 375.978 164.425 68.1264 51.9012 30.2494
threshold=1.3710515944455464 0.24399851072809722 3.0691631665107191 -0.12125692139095462 -0.50132785308169558 0.90544035694380554 1.1787824169752736
decision_type=2 2 2 2 2 2 2
left_child=1 3 6 -1 -4 -3 -2
right_child=2 5 4 -5 -6 -7 -8
leaf_value=-0.0070254403631038699 0.032677199989244669 0.0067693749797052769 0.072601526794067547 -0.0012442252468074142 0.050910265249859338 0.017009422321801533 0.019769292899349859
leaf_weight=4033 243 748 106 3307 113 242 94
leaf_count=4033 243 748 106 3307 113 242 94
internal_value=1.11974e-06 -0.00279298 0.041851 -0.00442083 0.061455 0.00927487 0.029088
internal_weight=8886 8330 556 7340 219 990 337
internal_count=8886 8330 556 7340 219 990 337
is_linear=0
shrinkage=0.0192184


Tree=19
num_leaves=7
num_cat=0
split_feature=1 1 1 9 1 1
split_gain=2706.37 428.314 362.964 109.284 108.775 63.6202
threshold=1.3710515944455464 1.0000000180025095e-35 3.9182189525433055 -0.43765915794536248 0.52199580841296023 2.767885306950769
decision_type=2 2 2 2 2 2
left_child=1 3 5 -1 -3 -2
right_child=2 4 -4 -5 -6 -7
leaf_value=-0.0077411516722438343 0.027092952084861635 0.0024486936453510045 0.066709032195039888 -0.002739163216857242 0.012733293258419154 0.044454561155319511
leaf_weight=3013 301 1309 149 3473 535 106
leaf_count=3013 301 1309 149 3473 535 106
internal_value=1.16518e-06 -0.0027393 0.0410477 -0.00506292 0.00543342 0.0316305
internal_weight=8886 8330 556 6486 1844 407
internal_count=8886 8330 556 6486 1844 407
is_linear=0
shrinkage=0.0192184


Tree=20
num_leaves=7
num_cat=0
split_feature=1 1 1 9 1 1
split_gain=2603.44 412.012 349.164 105.124 104.636 61.2057
threshold=1.3710515944455464 1.0000000180025095e-35 3.9182189525433055 -0.43765915794536248 0.52199580841296023 2.767885306950769
decision_type=2 2 2 2 2 2
left_child=1 3 5 -1 -3 -2
right_child=2 4 -4 -5 -6 -7
leaf_value=-0.0075923871459149736 0.02657254822645666 0.002401639480644961 0.065428379406181819 -0.0026865231917426028 0.012488653499749421 0.043601515295665916
leaf_weight=3013 301 1309 149 3473 535 106
leaf_count=3013 301 1309 149 3473 535 106
internal_value=1.19276e-06 -0.00268665 0.0402596 -0.00496562 0.00532903 0.0310232
internal_weight=8886 8330 556 6486 1844 407
internal_count=8886 8330 556 6486 1844 407
is_linear=0
shrinkage=0.0192184


Tree=21
num_leaves=8
num_cat=0
split_feature=5 5 5 9 4 5 5
split_gain=2507.55 487.907 280.814 101.122 79.2359 45.846 39.894
threshold=0.59861907252097124 2.3635894272929145 -0.096046013924685841 -0.43765915794536248 -0.50132785308169558 0.19838253622816648 1.304246637695688
decision_type=2 2 2 2 2 2 2
left_child=2 6 3 -1 -3 -4 -2
right_child=1 4 5 -5 -6 -7 -8
leaf_value=-0.0074464814288417135 0.018854547804523347 0.068728618674141123 0.0021089473377884169 -0.0026348949744540518 0.04649293251122455 0.0094218404816111961 0.030378684766719212
leaf_weight=3013 317 106 1241 3473 139 425 172
leaf_count=3013 317 106 1241 3473 139 425 172
internal_value=1.21882e-06 0.0340202 -0.00306244 -0.00487019 0.0561522 0.00397522 0.0229167
internal_weight=8886 734 8152 6486 245 1666 489
internal_count=8886 734 8152 6486 245 1666 489
is_linear=0
shrinkage=0.0192184


Tree=22
num_leaves=8
num_cat=0
split_feature=1 1 1 9 6 1 1
split_gain=2412.19 469.6 270.84 85.4081 62.8849 57.2293 49.7202
threshold=1.0149959422383328 3.0417742701870876 -0.053171014383308048 -0.45934864787132773 4.0810892711446511 0.30288463782390557 1.8325544974987424
decision_type=2 2 2 2 2 2 2
left_child=2 6 3 -1 -3 -4 -2
right_child=1 4 5 -5 -6 -7 -8
leaf_value=-0.0074202383588201828 0.018492377974499399 0.047705572775076463 0.00074007557690599192 -0.0028794297234313068 0.068557064242611154 0.0075401885223861992 0.030869971870099266
leaf_weight=2877 317 128 1303 3268 95 704 194
leaf_count=2877 317 128 1303 3268 95 704 194
internal_value=1.25335e-06 0.0333671 -0.00300359 -0.00500551 0.0566317 0.00312578 0.0231998
internal_weight=8886 734 8152 6145 223 2007 511
internal_count=8886 734 8152 6145 223 2007 511
is_linear=0
shrinkage=0.0192184


Tree=23
num_leaves=8
num_cat=0
split_feature=1 1 1 9 4 1 1
split_gain=2320.45 452.147 260.531 82.157 73.3918 55.0512 36.7813
threshold=1.0149959422383328 2.8500519959216648 -0.053171014383308048 -0.45934864787132773 -0.50132785308169558 0.30288463782390557 1.8325544974987424
decision_type=2 2 2 2 2 2 2
left_child=2 6 3 -1 -3 -4 -2
right_child=1 4 5 -5 -6 -7 -8
leaf_value=-0.00727764113985656 0.018137164986538383 0.066135743451249729 0.00072585425463269715 -0.0028240944134421907 0.044735839549846571 0.0073953113630945517 0.029202687737264255
leaf_weight=2877 317 106 1303 3268 139 704 172
leaf_count=2877 317 106 1303 3268 139 704 172
internal_value=1.28645e-06 0.0327266 -0.00294586 -0.00490932 0.0540321 0.00306572 0.0220377
internal_weight=8886 734 8152 6145 245 2007 489
internal_count=8886 734 8152 6145 245 2007 489
is_linear=0
shrinkage=0.0192184


Tree=24
num_leaves=7
num_cat=0
split_feature=1 1 1 0 1 1
split_gain=2233.61 354.326 302.366 113.441 56.698 51.4393
threshold=1.3710515944455464 0.16594015620574651 3.9182189525433055 -0.2876103191123604 0.74110697900201472 2.3570518620962919
decision_type=2 2 2 2 2 2
left_child=1 3 5 -1 -3 -2
right_child=2 4 -4 -5 -6 -7
leaf_value=-0.0066219636033524728 0.023110454255978959 0.0045436593381141741 0.060712098213703554 -0.0017700282187199999 0.013817887075918274 0.037111166057663646
leaf_weight=3447 245 864 149 3680 339 162
leaf_count=3447 245 864 149 3680 339 162
internal_value=1.31626e-06 -0.00248831 0.0372908 -0.00411678 0.0071586 0.0286957
internal_weight=8886 8330 556 7127 1203 407
internal_count=8886 8330 556 7127 1203 407
is_linear=0
shrinkage=0.0192184


Tree=25
num_leaves=8
num_cat=0
split_feature=6 2 3 3 9 2 2
split_gain=1540.73 429.952 347.667 340.174 116.52 100.275 14.0753
threshold=1.5699560172598446 0.13601634467349627 -0.077826591922194363 -1.4639636098549758 -0.12125692139095462 2.9069441384579835 2.6585814497632856
decision_type=2 2 2 2 2 2 2
left_child=1 4 -3 6 -1 -5 -2
right_child=3 2 -4 5 -6 -7 -8
leaf_value=-0.0064261825841552093 0.006882618278675764 2.8923957616897635e-05 0.016731813446328188 0.035402760137224966 -0.0011902738028555088 0.058829875174511118 0.018446270724376709
leaf_weight=3737 77 1298 713 124 2707 151 79
leaf_count=3737 77 1298 713 124 2707 151 79
internal_value=1.3368e-06 -0.00180575 0.0059518 0.0354387 -0.00422676 0.0482934 0.0127516
internal_weight=8886 8455 2011 431 6444 275 156
internal_count=8886 8455 2011 431 6444 275 156
is_linear=0
shrinkage=0.0192184


Tree=26
num_leaves=7
num_cat=0
split_feature=1 1 1 0 1 1
split_gain=2076.67 331.045 278.449 83.5328 81.3781 47.6461
threshold=1.3710515944455464 1.0000000180025095e-35 3.9182189525433055 -0.070366950803081377 0.52199580841296023 2.3570518620962919
decision_type=2 2 2 2 2 2
left_child=1 3 5 -1 -3 -2
right_child=2 4 -4 -5 -6 -7
leaf_value=-0.0063279778550538145 0.022333085792069392 0.0022041814195890206 0.058433011126286946 -0.0019197037838915292 0.011099823208064588 0.035808008510425426
leaf_weight=3711 245 1309 149 2775 535 162
leaf_count=3711 245 1309 149 2775 535 162
internal_value=1.35602e-06 -0.00239921 0.0359569 -0.00444202 0.00478582 0.0277087
internal_weight=8886 8330 556 6486 1844 407
internal_count=8886 8330 556 6486 1844 407
is_linear=0
shrinkage=0.0192184


Tree=27
num_leaves=7
num_cat=0
split_feature=8 2 3 9 10 9
split_gain=1765.47 465.059 191.082 152.999 36.38 27.3101
threshold=1.0000000180025095e-35 3.6257225976888243 -0.077826583079740594 -0.062407660193979995 1.0000000180025095e-35 -0.85123652857667664
decision_type=2 2 2 2 2 2
left_child=3 2 -2 5 -5 -1
right_child=1 -3 -4 4 -6 -7
leaf_value=-0.0074443415589597467 0.012230845228873116 0.05687637142601925 0.029800959741420188 -0.0020987798952745908 0.0018957490572843105 -0.0043598540272415552
leaf_weight=2018 750 124 329 1943 1486 2236
leaf_count=2018 750 124 329 1943 1486 2236
internal_value=1.37256e-06 0.0216482 0.0175918 -0.00338846 -0.000367692 -0.00582329
internal_weight=8886 1203 1079 7683 3429 4254
internal_count=8886 1203 1079 7683 3429 4254
is_linear=0
shrinkage=0.0192184


Tree=28
num_leaves=8
num_cat=0
split_feature=1 1 1 9 2 1 1
split_gain=1931.46 377.03 221.153 68.7128 53.4875 42.7864 39.36
threshold=1.0149959422383328 3.0417742701870876 -0.053171014383308048 -0.45934864787132773 4.1708576516882028 0.30288463782390557 1.8325544974987424
decision_type=2 2 2 2 2 2 2
left_child=2 6 3 -1 -3 -4 -2
right_child=1 4 5 -5 -6 -7 -8
leaf_value=-0.0066623142318770123 0.016559182345595447 0.043486152724879878 0.00078840861381462325 -0.0025894234020085696 0.063244967856378828 0.0066681966246131515 0.027572237901345619
leaf_weight=2877 317 142 1303 3268 81 704 194
leaf_count=2877 317 142 1303 3268 81 704 194
internal_value=1.37644e-06 0.0298579 -0.00268742 -0.00449642 0.0507037 0.00285125 0.0207477
internal_weight=8886 734 8152 6145 223 2007 511
internal_count=8886 734 8152 6145 223 2007 511
is_linear=0
shrinkage=0.0192184


Tree=29
num_leaves=7
num_cat=0
split_feature=1 1 1 9 1 1
split_gain=1858.27 296.738 251.245 77.5136 72.355 43.1354
threshold=1.3710515944455464 1.0000000180025095e-35 3.9182189525433055 0.22709649924794009 0.74110697900201472 2.8500519959216648
decision_type=2 2 2 2 2 2
left_child=1 3 5 -1 -3 -2
right_child=2 4 -4 -5 -6 -7
leaf_value=-0.0055713864894469216 0.022679721806311465 0.0027256693462261788 0.055363578160514196 -0.00097659175058377912 0.012552251714789396 0.037457692358376093
leaf_weight=4555 311 1505 149 1931 339 96
leaf_count=4555 311 1505 149 1931 339 96
internal_value=1.40212e-06 -0.00226943 0.0340138 -0.00420349 0.00453313 0.0261789
internal_weight=8886 8330 556 6486 1844 407
internal_count=8886 8330 556 6486 1844 407
is_linear=0
shrinkage=0.0192184


Tree=30
num_leaves=8
num_cat=0
split_feature=1 1 1 2 7 1 1
split_gain=1788.47 348.941 206.242 59.6 56.6935 49.9406 28.3899
threshold=1.0149959422383328 2.8500519959216648 -0.11479603111147961 4.1708576516882028 -0.14706079775336725 0.30288463782390557 1.8325544974987424
decision_type=2 2 2 2 2 2 2
left_child=2 6 4 -3 -1 -4 -2
right_child=1 3 5 -5 -6 -7 -8
leaf_value=-0.0060574233439779929 0.015914691474550689 0.04070155989070625 0.00035801407323018432 0.060999716786811195 -0.0021252726476548062 0.0064445238889085602 0.025636293138977903
leaf_weight=3563 317 164 1700 81 2185 704 172
leaf_count=3563 317 164 1700 81 2185 704 172
internal_value=1.4186e-06 0.0287315 -0.00258594 0.0474482 -0.00456279 0.00214073 0.0193415
internal_weight=8886 734 8152 245 5748 2404 489
internal_count=8886 734 8152 245 5748 2404 489
is_linear=0
shrinkage=0.0192184


Tree=31
num_leaves=7
num_cat=0
split_feature=5 5 5 9 5 5
split_gain=1720.69 275.071 233.802 83.4551 58.0871 39.499
threshold=0.88999127094213304 -0.069328769721554648 3.691792565550418 0.069672782043351464 0.39122377644197243 1.8252349008394286
decision_type=2 2 2 2 2 2
left_child=1 3 5 -1 -3 -2
right_child=2 4 -4 -5 -6 -7
leaf_value=-0.0054706073551498155 0.020278224076418248 0.00311328945130288 0.053325829000579895 -0.0010181386757157596 0.012091819309568144 0.032546945446853826
leaf_weight=4327 245 1237 149 2427 339 162
leaf_count=4327 245 1237 149 2427 339 162
internal_value=1.44089e-06 -0.00218371 0.0327305 -0.00387071 0.00504563 0.0251726
internal_weight=8886 8330 556 6754 1576 407
internal_count=8886 8330 556 6754 1576 407
is_linear=0
shrinkage=0.0192184


Tree=32
num_leaves=8
num_cat=0
split_feature=5 5 5 0 9 4 5
split_gain=1656.05 323.829 192.386 52.9089 49.2392 47.1815 34.0696
threshold=0.59861907252097124 2.5856843197957575 -0.16309473003864636 0.038254733351558184 0.15254373638413732 -0.53218550930430952 1.304246637695688
decision_type=2 2 2 2 2 2 2
left_child=2 6 3 -1 -4 -3 -2
right_child=1 5 4 -5 -6 -7 -8
leaf_value=-0.005841454514915613 0.015307773425733227 0.057288431680171788 -0.0015135263029570579 -0.002042819099945704 0.0041836204370461058 0.039243500503716409 0.025553757752477323
leaf_weight=3563 317 95 889 2185 1515 128 194
leaf_count=3563 317 95 889 2185 1515 128 194
internal_value=1.45336e-06 0.0276475 -0.00248828 -0.00439757 0.00207685 0.0469667 0.0192045
internal_weight=8886 734 8152 5748 2404 223 511
internal_count=8886 734 8152 5748 2404 223 511
is_linear=0
shrinkage=0.0192184


Tree=33
num_leaves=7
num_cat=0
split_feature=1 1 1 0 1 1
split_gain=1593.29 256.294 217.159 66.423 63.1512 35.689
threshold=1.3710515944455464 1.0000000180025095e-35 3.8771356080578578 -0.2876103191123604 0.52199580841296023 2.3570518620962919
decision_type=2 2 2 2 2 2
left_child=1 3 5 -1 -3 -2
right_child=2 4 -4 -5 -6 -7
leaf_value=-0.0058202247655806828 0.019509630585368552 0.0019465438427885644 0.051163957071384117 -0.001930128296802363 0.0097829089462474223 0.031216125388578719
leaf_weight=3282 245 1309 151 3204 535 160
leaf_count=3282 245 1309 151 3204 535 160
internal_value=1.47162e-06 -0.00210123 0.0314956 -0.00389866 0.00422077 0.024145
internal_weight=8886 8330 556 6486 1844 405
internal_count=8886 8330 556 6486 1844 405
is_linear=0
shrinkage=0.0192184


Tree=34
num_leaves=8
num_cat=0
split_feature=1 1 1 2 9 9 1
split_gain=1534.44 300.072 178.869 53.4087 49.9673 46.6806 24.1632
threshold=1.0149959422383328 2.8500519959216648 -0.11479603111147961 4.1708576516882028 -0.66590411286520035 0.15254373638413732 1.8325544974987424
decision_type=2 2 2 2 2 2 2
left_child=2 6 4 -3 -1 -4 -2
right_child=1 3 5 -5 -6 -7 -8
leaf_value=-0.006422841696954458 0.014743890833878524 0.037585858352081419 -0.0014890940827077944 0.056794309790106856 -0.0027676353893507561 0.0040580625187930531 0.023712844182444584
leaf_weight=2309 317 164 889 81 3439 1515 172
leaf_count=2309 317 164 889 81 3439 1515 172
internal_value=1.4803e-06 0.0266131 -0.00239509 0.0439697 -0.00423609 0.00200676 0.0179054
internal_weight=8886 734 8152 245 5748 2404 489
internal_count=8886 734 8152 245 5748 2404 489
is_linear=0
shrinkage=0.0192184


Tree=35
num_leaves=8
num_cat=0
split_feature=1 1 1 2 9 0 1
split_gain=1476.62 316.723 156.076 51.3836 45.3055 43.4887 27.503
threshold=0.90544035694380554 2.8500519959216648 -0.17094326857492473 4.1708576516882028 0.10830961535232937 0.038254733351558184 1.8325544974987424
decision_type=2 2 2 2 2 2 2
left_child=2 6 5 -3 -4 -1 -2
right_child=1 3 4 -5 -6 -7 -8
leaf_value=-0.0057000543634588502 0.013981644691792135 0.036864229269035001 -0.0019192686225116867 0.055704986353906943 0.0031703895495472545 -0.0021010021971132726 0.023257549080497257
leaf_weight=3374 381 164 1035 81 1718 1961 172
leaf_count=3374 381 164 1035 81 1718 1961 172
internal_value=1.49599e-06 0.02494 -0.0024595 0.0431258 0.00125691 -0.00437725 0.0168727
internal_weight=8886 798 8088 245 2753 5335 553
internal_count=8886 798 8088 245 2753 5335 553
is_linear=0
shrinkage=0.0192184


Tree=36
num_leaves=8
num_cat=0
split_feature=1 1 1 2 0 1 1
split_gain=1420.46 304.689 150.135 49.4353 41.8332 39.3064 26.4578
threshold=0.90544035694380554 2.8500519959216648 -0.17094326857492473 4.1708576516882028 0.038254733351558184 0.30288463782390557 1.8325544974987424
decision_type=2 2 2 2 2 2 2
left_child=2 6 4 -3 -1 -4 -2
right_child=1 3 5 -5 -6 -7 -8
leaf_value=-0.0055905136626146924 0.013713053961031514 0.036156454911017114 -3.1182851707259028e-05 0.054636557117768818 -0.0020606276280795586 0.0054047007565022108 0.022810995225204925
leaf_weight=3374 381 164 2113 81 1961 640 172
leaf_count=3374 381 164 2113 81 1961 640 172
internal_value=1.51032e-06 0.0244612 -0.00241223 0.0422982 -0.00429313 0.00123276 0.0165486
internal_weight=8886 798 8088 245 5335 2753 553
internal_count=8886 798 8088 245 5335 2753 553
is_linear=0
shrinkage=0.0192184


Tree=37
num_leaves=7
num_cat=0
split_feature=5 5 5 9 10 5
split_gain=1367.39 223.352 189.101 91.1111 34.4765 30.5369
threshold=0.88999127094213304 0.051972008886895592 3.691792565550418 -0.12125692139095462 1.0000000180025095e-35 1.4925291837611192
decision_type=2 2 2 2 2 2
left_child=1 3 5 -1 -3 -2
right_child=2 4 -4 -5 -6 -7
leaf_value=-0.0050410326223396928 0.016644189944859691 0.0016170296340022633 0.047699549149669451 -0.00073754852795869378 0.0091918423939580766 0.027240969586741028
leaf_weight=4033 187 336 149 3307 654 220
leaf_count=4033 187 336 149 3307 654 220
internal_value=1.52492e-06 -0.00194642 0.0291777 -0.00310218 0.00662168 0.0223807
internal_weight=8886 8330 556 7340 990 407
internal_count=8886 8330 556 7340 990 407
is_linear=0
shrinkage=0.0192184


Tree=38
num_leaves=8
num_cat=0
split_feature=1 1 1 4 1 0 1
split_gain=1317.35 282.247 141.129 46.6772 38.6002 35.621 24.0074
threshold=0.90544035694380554 2.8500519959216648 -0.19011549600146707 -0.50132785308169558 0.27549574150027378 0.038254733351558184 1.8325544974987424
decision_type=2 2 2 2 2 2 2
left_child=2 6 5 -3 -4 -1 -2
right_child=1 3 4 -5 -6 -7 -8
leaf_value=-0.0054691460000136057 0.013239911760546275 0.050369660494611848 -0.00020466843595932517 0.033318879796275978 0.0049715736169556064 -0.0021256631825677767 0.021906759123186698
leaf_weight=3264 381 106 2290 139 693 1841 172
leaf_count=3264 381 106 2290 139 693 1841 172
internal_value=1.52943e-06 0.0235567 -0.00232296 0.0407243 0.000998061 -0.0042635 0.0159412
internal_weight=8886 798 8088 245 2983 5105 553
internal_count=8886 798 8088 245 2983 5105 553
is_linear=0
shrinkage=0.0192184


Tree=39
num_leaves=8
num_cat=0
split_feature=5 5 5 9 9 2 5
split_gain=1267.42 248.387 150.039 43.5645 41.5635 38.5201 25.2792
threshold=0.59861907252097124 2.5856843197957575 -0.16309473003864636 -0.81570929955815952 0.15254373638413732 4.1708576516882028 1.4925291837611192
decision_type=2 2 2 2 2 2 2
left_child=2 6 3 -1 -4 -3 -2
right_child=1 5 4 -5 -6 -7 -8
leaf_value=-0.0062076125604987762 0.014077266504941646 0.034988719965721206 -0.0014437077539186938 -0.0026687349836572749 0.0037905828140489132 0.051741547800311163 0.023558093362250641
leaf_weight=1939 365 142 889 3809 1515 81 146
leaf_count=1939 365 142 889 3809 1515 81 146
internal_value=1.54055e-06 0.0241871 -0.00217655 -0.00386266 0.00185497 0.0411069 0.0167927
internal_weight=8886 734 8152 5748 2404 223 511
internal_count=8886 734 8152 5748 2404 223 511
is_linear=0
shrinkage=0.0192184


Tree=40
num_leaves=8
num_cat=0
split_feature=5 5 9 5 2 9 5
split_gain=1220.38 261.066 135.686 44.1123 43.4466 36.7364 22.1924
threshold=0.51391446738554858 2.3635894272929145 0.26363434966085697 -0.12791939626945828 4.1708576516882028 -0.85123652857667664 1.304246637695688
decision_type=2 2 2 2 2 2 2
left_child=2 6 5 -4 -3 -1 -2
right_child=1 4 3 -5 -6 -7 -8
leaf_value=-0.0061019636922871904 0.012751766994621954 0.033427690354909452 -0.00087191718591050893 0.0039730774211325769 0.050749138150757996 -0.0027947815960607842 0.021084617900222081
leaf_weight=2028 381 164 1683 1181 81 3196 172
leaf_count=2028 381 164 1683 1181 81 3196 172
internal_value=1.55212e-06 0.0226732 -0.00223575 0.00112608 0.039184 -0.00407881 0.0153489
internal_weight=8886 798 8088 2864 245 5224 553
internal_count=8886 798 8088 2864 245 5224 553
is_linear=0
shrinkage=0.0192184


Tree=41
num_leaves=8
num_cat=0
split_feature=1 1 1 4 4 0 1
split_gain=1173.97 251.415 127.829 36.4317 35.196 32.3653 27.4411
threshold=0.90544035694380554 3.0417742701870876 -0.19011549600146707 0.27918933372561133 -0.53218550930430952 0.038254733351558184 1.8325544974987424
decision_type=2 2 2 2 2 2 2
left_child=2 6 5 -4 -3 -1 -2
right_child=1 4 3 -5 -6 -7 -8
leaf_value=-0.0051888461006943465 0.012506802061841814 0.048466451716920517 0.0020313832693011191 -0.0032730823612808642 0.032888776106528218 -0.0020018212562186925 0.021400251508830164
leaf_weight=3264 381 95 2385 598 128 1841 194
leaf_count=3264 381 95 2385 598 128 1841 194
internal_value=1.56148e-06 0.0222379 -0.00219278 0.00096788 0.0395553 -0.00403962 0.0155125
internal_weight=8886 798 8088 2983 223 5105 575
internal_count=8886 798 8088 2983 223 5105 575
is_linear=0
shrinkage=0.0192184


Tree=42
num_leaves=7
num_cat=0
split_feature=5 5 5 9 10 0
split_gain=1130.18 189.15 158.44 67.5797 36.5008 27.3829
threshold=0.88999127094213304 -0.013815598286345982 3.691792565550418 -0.12125692139095462 1.0000000180025095e-35 1.1787824169752736
decision_type=2 2 2 2 2 2
left_child=1 3 5 -1 -3 -2
right_child=2 4 -4 -5 -6 -7
leaf_value=-0.0046583231403788715 0.023265355025397852 0.00088222835214254417 0.043480385888283971 -0.00086451240502796701 0.0075711125262529939 0.011876777289744619
leaf_weight=3974 301 486 149 3077 793 106
leaf_count=3974 301 486 149 3077 793 106
internal_value=1.56881e-06 -0.00176937 0.0265266 -0.00300279 0.00502988 0.0203052
internal_weight=8886 8330 556 7051 1279 407
internal_count=8886 8330 556 7051 1279 407
is_linear=0
shrinkage=0.0192184


Tree=43
num_leaves=8
num_cat=0
split_feature=1 1 9 10 2 9 1
split_gain=1089.19 233.575 123.718 40.8548 39.3717 33.8156 19.6053
threshold=0.90544035694380554 2.8500519959216648 0.26363434966085697 1.0000000180025095e-35 4.1708576516882028 -0.85123652857667664 1.8325544974987424
decision_type=2 2 2 2 2 2 2
left_child=2 6 5 -4 -3 -1 -2
right_child=1 4 3 -5 -6 -7 -8
leaf_value=-0.005813022869987099 0.012050939366261004 0.031558328143603591 -0.0010922632519186582 0.0035032751939030027 0.048045714030345139 -0.0026400390786016736 0.019883211701700643
leaf_weight=2028 381 164 1499 1365 81 3196 172
leaf_count=2028 381 164 1499 1365 81 3196 172
internal_value=1.56715e-06 0.02142 -0.00211206 0.00109807 0.0370373 -0.00387196 0.0144921
internal_weight=8886 798 8088 2864 245 5224 553
internal_count=8886 798 8088 2864 245 5224 553
is_linear=0
shrinkage=0.0192184


Tree=44
num_leaves=8
num_cat=0
split_feature=1 1 9 1 2 2 1
split_gain=1047.77 224.74 119.009 40.1007 33.1554 32.3356 24.5035
threshold=0.90544035694380554 3.0417742701870876 0.26363434966085697 -0.053171014383308048 -0.28283259643027342 4.1708576516882028 2.0283851062127103
decision_type=2 2 2 2 2 2 2
left_child=2 6 4 -4 -1 -3 -2
right_child=1 5 3 -5 -6 -7 -8
leaf_value=-0.0049675571563782628 0.012327006658497825 0.031777153020062059 -0.00082800838531948051 0.0037914322370997582 -0.0017938349304827586 0.047124190570354656 0.021455340827618671
leaf_weight=3298 429 142 1683 1181 1926 81 146
leaf_count=3298 429 142 1683 1181 1926 81 146
internal_value=1.57394e-06 0.0210088 -0.00207147 0.00107697 -0.00379755 0.0373817 0.0146502
internal_weight=8886 798 8088 2864 5224 223 575
internal_count=8886 798 8088 2864 5224 223 575
is_linear=0
shrinkage=0.0192184


Tree=45
num_leaves=7
num_cat=0
split_feature=1 1 1 9 1 0
split_gain=1008.02 172.473 142.427 52.7681 35.9487 26.0535
threshold=1.3710515944455464 0.046798457197948042 3.9182189525433055 0.26363434966085697 0.60416249738385563 1.1787824169752736
decision_type=2 2 2 2 2 2
left_child=1 3 5 -1 -3 -2
right_child=2 4 -4 -5 -6 -7
leaf_value=-0.0041057943432342321 0.022040627924514472 0.0022037654426615727 0.041126257673378519 -0.00038116794880248077 0.0086086102761709707 0.010934277330627361
leaf_weight=4761 301 1121 149 1993 455 106
leaf_count=4761 301 1121 149 1993 455 106
internal_value=1.58173e-06 -0.00167092 0.0250522 -0.00300675 0.00405357 0.0191536
internal_weight=8886 8330 556 6754 1576 407
internal_count=8886 8330 556 6754 1576 407
is_linear=0
shrinkage=0.0192184


Tree=46
num_leaves=8
num_cat=0
split_feature=1 1 1 9 4 9 1
split_gain=970.57 209.369 111.28 36.3681 35.6672 27.8984 17.6404
threshold=0.90544035694380554 2.8500519959216648 -0.19011549600146707 0.069672782043351464 -0.50132785308169558 -0.85123652857667664 1.8325544974987424
decision_type=2 2 2 2 2 2 2
left_child=2 6 5 -4 -3 -1 -2
right_child=1 4 3 -5 -6 -7 -8
leaf_value=-0.0056942298217978046 0.011345520856282435 0.043435716178566668 -0.0018009987971344377 0.0025888498934047563 0.028534669990601804 -0.0026958327077111939 0.018774730735773678
leaf_weight=1738 381 106 1110 1873 139 3367 172
leaf_count=1738 381 106 1110 1873 139 3367 172
internal_value=1.57944e-06 0.0202201 -0.00199364 0.00095534 0.035006 -0.00371679 0.013661
internal_weight=8886 798 8088 2983 245 5105 553
internal_count=8886 798 8088 2983 245 5105 553
is_linear=0
shrinkage=0.0192184


Tree=47
num_leaves=8
num_cat=0
split_feature=1 1 1 1 9 1 2
split_gain=933.667 184.654 117.315 33.8728 31.5054 27.3583 18.1013
threshold=1.0149959422383328 3.3978299223943007 -0.13533770335420345 0.30288463782390557 -0.45934864787132773 2.0283851062127103 4.1708576516882028
decision_type=2 2 2 2 2 2 2
left_child=2 5 4 -4 -1 -2 -3
right_child=1 6 3 -5 -6 -7 -8
leaf_value=-0.0049183830166258501 0.012027492069586655 0.032060063265281019 0.00016836823971791504 0.0051087861176215641 -0.0020252147052973084 0.021213182309452662 0.04433044608761439
leaf_weight=2721 365 113 1884 704 2843 179 77
leaf_count=2721 365 113 1884 704 2843 179 77
internal_value=1.58208e-06 0.0207599 -0.00186786 0.00151252 -0.00344018 0.0150554 0.0370662
internal_weight=8886 734 8152 2588 5564 544 190
internal_count=8886 734 8152 2588 5564 544 190
is_linear=0
shrinkage=0.0192184


Tree=48
num_leaves=7
num_cat=0
split_feature=5 5 5 9 10 0
split_gain=898.853 155.47 127.52 65.5584 28.4575 24.8498
threshold=0.88999127094213304 0.072053331318292127 3.691792565550418 0.22709649924794009 1.0000000180025095e-35 1.1787824169752736
decision_type=2 2 2 2 2 2
left_child=1 3 5 -1 -3 -2
right_child=2 4 -4 -5 -6 -7
leaf_value=-0.0037888982237955222 0.020894712940505208 0.0010209014589925007 0.038866399872563157 5.1592447113330026e-05 0.0081548575350653563 0.01005017815538525
leaf_weight=4935 301 308 149 2460 627 106
leaf_count=4935 301 308 149 2460 627 106
internal_value=1.5894e-06 -0.00157775 0.0236568 -0.00251136 0.00580543 0.0180755
internal_weight=8886 8330 556 7395 935 407
internal_count=8886 8330 556 7395 935 407
is_linear=0
shrinkage=0.0192184


Tree=49
num_leaves=8
num_cat=0
split_feature=1 1 9 10 2 9 1
split_gain=866.193 187.521 101.146 37.881 32.442 29.6426 15.6622
threshold=0.90544035694380554 2.8500519959216648 0.26363434966085697 1.0000000180025095e-35 4.1708576516882028 -0.85123652857667664 1.8325544974987424
decision_type=2 2 2 2 2 2 2
left_child=2 6 5 -4 -3 -1 -2
right_child=1 4 3 -5 -6 -7 -8
leaf_value=-0.0052919188630506488 0.010712758010602175 0.028123212651049306 -0.0010898403570566227 0.0033352794140308166 0.043086020853046622 -0.0023211842983038109 0.017713088548960771
leaf_weight=2028 381 164 1499 1365 81 3196 172
leaf_count=2028 381 164 1499 1365 81 3196 172
internal_value=1.58517e-06 0.019102 -0.0018833 0.00101927 0.0330952 -0.00347458 0.0128946
internal_weight=8886 798 8088 2864 245 5224 553
internal_count=8886 798 8088 2864 245 5224 553
is_linear=0
shrinkage=0.0192184


Tree=50
num_leaves=8
num_cat=0
split_feature=1 1 1 9 4 9 1
split_gain=833.25 180.396 99.2656 32.2524 31.1863 24.1867 15.067
threshold=0.90544035694380554 2.8500519959216648 -0.19011549600146707 0.069672782043351464 -0.50132785308169558 -0.85123652857667664 1.8325544974987424
decision_type=2 2 2 2 2 2 2
left_child=2 6 5 -4 -3 -1 -2
right_child=1 4 3 -5 -6 -7 -8
leaf_value=-0.0053157886916057615 0.010506963171843169 0.040341721945361203 -0.0016575563100946552 0.0024764402197724384 0.026409792913081587 -0.0025239626453961968 0.017372990477728993
leaf_weight=1738 381 106 1110 1873 139 3367 172
leaf_count=1738 381 106 1110 1873 139 3367 172
internal_value=1.58764e-06 0.0187353 -0.0018471 0.000938137 0.0324601 -0.00347458 0.012647
internal_weight=8886 798 8088 2983 245 5105 553
internal_count=8886 798 8088 2983 245 5105 553
is_linear=0
shrinkage=0.0192184


Tree=51
num_leaves=8
num_cat=0
split_feature=1 1 1 9 2 7 1
split_gain=801.56 173.541 95.4871 31.0247 30.2617 23.5607 14.4944
threshold=0.90544035694380554 2.8500519959216648 -0.19011549600146707 0.069672782043351464 4.1708576516882028 0.077730133406437557 1.8325544974987424
decision_type=2 2 2 2 2 2 2
left_child=2 6 5 -4 -3 -1 -2
right_child=1 4 3 -5 -6 -7 -8
leaf_value=-0.0042647070663164978 0.010305121644533672 0.027035431475753647 -0.001625705341291833 0.0024288511104724191 0.041485865077180002 -0.0014183601216533393 0.017039422628627624
leaf_weight=3568 381 164 1110 1873 81 1537 172
leaf_count=3568 381 164 1110 1873 81 1537 172
internal_value=1.58774e-06 0.0183756 -0.00181161 0.000920109 0.0318371 -0.00340781 0.0124041
internal_weight=8886 798 8088 2983 245 5105 553
internal_count=8886 798 8088 2983 245 5105 553
is_linear=0
shrinkage=0.0192184


Tree=52
num_leaves=7
num_cat=0
split_feature=1 1 1 10 0 0
split_gain=771.525 138.102 110.823 38.3681 35.6268 23.5136
threshold=1.3710515944455464 1.0000000180025095e-35 3.9182189525433055 1.0000000180025095e-35 0.25549810166083736 1.1787824169752736
decision_type=2 2 2 2 2 2
left_child=1 4 5 -3 -1 -2
right_child=2 3 -4 -5 -6 -7
leaf_value=-0.003811683474508624 0.019456365666782542 1.214721660875924e-05 0.03609619636823666 0.0056055146564828323 -0.00081255669829067298 0.0089103116487642808
leaf_weight=4257 301 800 149 1044 2229 106
leaf_count=4257 301 800 149 1044 2229 106
internal_value=1.58901e-06 -0.00146161 0.0219174 0.00317911 -0.00278104 0.0167144
internal_weight=8886 8330 556 1844 6486 407
internal_count=8886 8330 556 1844 6486 407
is_linear=0
shrinkage=0.0192184


Tree=53
num_leaves=8
num_cat=0
split_feature=1 1 1 4 4 9 1
split_gain=744.005 161.083 89.0103 29.6586 28.2818 22.4048 13.4266
threshold=0.90544035694380554 2.8500519959216648 -0.19011549600146707 0.27918933372561133 -0.40330941566868506 -0.85123652857667664 2.0283851062127103
decision_type=2 2 2 2 2 2 2
left_child=2 6 5 -4 -3 -1 -2
right_child=1 4 3 -5 -6 -7 -8
leaf_value=-0.0050585010171205836 0.010332943839251702 0.03615858736092608 0.001851705136675355 -0.0029343434544546656 0.02280663765471851 -0.0023714970891784526 0.017525691074543132
leaf_weight=1738 429 144 2385 598 101 3367 124
leaf_count=1738 429 144 2385 598 101 3367 124
internal_value=1.58136e-06 0.0177036 -0.0017453 0.000892142 0.030673 -0.00328642 0.0119504
internal_weight=8886 798 8088 2983 245 5105 553
internal_count=8886 798 8088 2983 245 5105 553
is_linear=0
shrinkage=0.0192184


Tree=54
num_leaves=8
num_cat=0
split_feature=1 1 9 10 2 2 1
split_gain=715.708 154.998 87.2006 35.0168 26.3566 23.8995 17.2445
threshold=0.90544035694380554 3.0417742701870876 0.26363434966085697 1.0000000180025095e-35 -0.28283259643027342 4.1708576516882028 2.0283851062127103
decision_type=2 2 2 2 2 2 2
left_child=2 6 4 -4 -1 -3 -2
right_child=1 5 3 -5 -6 -7 -8
leaf_value=-0.0042324439738993525 0.010134435966428944 0.026146617632946508 -0.0010445283997576925 0.003210014004545314 -0.0014028012470547178 0.039331882592509707 0.017791739774910165
leaf_weight=3298 429 142 1499 1365 1926 81 146
leaf_count=3298 429 142 1499 1365 1926 81 146
internal_value=1.57833e-06 0.0173637 -0.00171177 0.000983279 -0.00318928 0.0309609 0.0120832
internal_weight=8886 798 8088 2864 5224 223 575
internal_count=8886 798 8088 2864 5224 223 575
is_linear=0
shrinkage=0.0192184


Tree=55
num_leaves=8
num_cat=0
split_feature=5 5 9 10 2 5 5
split_gain=688.489 149.454 83.8813 33.684 25.3533 23.2703 13.8917
threshold=0.51391446738554858 3.0170665356400752 0.26363434966085697 1.0000000180025095e-35 -0.28283259643027342 1.4925291837611192 5.0303290834722096
decision_type=2 2 2 2 2 2 2
left_child=2 5 4 -4 -1 -2 -3
right_child=1 6 3 -5 -6 -7 -8
leaf_value=-0.0041511071057879333 0.0099397416037906878 0.02665727328515596 -0.0010244563781370748 0.0031483299712836772 -0.0013758439114482492 0.018197798855761314 0.037207270838906382
leaf_weight=3298 429 96 1499 1365 1926 179 94
leaf_count=3298 429 96 1499 1365 1926 179 94
internal_value=1.57944e-06 0.0170304 -0.00167887 0.000964384 -0.00312799 0.0123752 0.0319039
internal_weight=8886 798 8088 2864 5224 608 190
internal_count=8886 798 8088 2864 5224 608 190
is_linear=0
shrinkage=0.0192184


Tree=56
num_leaves=7
num_cat=0
split_feature=1 1 1 9 10 7
split_gain=662.857 123.268 95.2861 49.5231 24.118 22.1669
threshold=1.3710515944455464 0.27549574150027378 3.8771356080578578 -0.50622593255002757 1.0000000180025095e-35 1.2278740239036916
decision_type=2 2 2 2 2 2
left_child=1 3 5 -1 -3 -2
right_child=2 4 -4 -5 -6 -7
leaf_value=-0.004108857361648636 0.018124186656248854 0.00081499187949480494 0.033343397169256647 -0.00089963893996063225 0.0073824546115107441 0.0078781738386022575
leaf_weight=2964 299 308 151 4431 627 106
leaf_count=2964 299 308 151 4431 627 106
internal_value=1.58006e-06 -0.00135467 0.0203154 -0.00218599 0.00521957 0.0154467
internal_weight=8886 8330 556 7395 935 405
internal_count=8886 8330 556 7395 935 405
is_linear=0
shrinkage=0.0192184


Tree=57
num_leaves=7
num_cat=0
split_feature=8 6 9 3 10 9
split_gain=592.56 157.477 59.2169 54.3538 21.0066 18.8996
threshold=1.0000000180025095e-35 4.0810892711446511 0.26363434966085697 -0.077826582107320172 1.0000000180025095e-35 -0.85123652857667664
decision_type=2 2 2 2 2 2
left_child=2 3 5 -2 -4 -1
right_child=1 -3 4 -5 -6 -7
leaf_value=-0.0046067872264107888 0.007740567851950886 0.034668340611005627 -0.0011575657081018605 0.017373300430990016 0.0023310191182039763 -0.0022153184605837677
leaf_weight=2018 798 108 1415 297 1160 3090
leaf_count=2018 798 108 1415 297 1160 3090
internal_value=1.57155e-06 0.0125425 -0.00196231 0.0103555 0.000414038 -0.00316022
internal_weight=8886 1203 7683 1095 2575 5108
internal_count=8886 1203 7683 1095 2575 5108
is_linear=0
shrinkage=0.0192184


Tree=58
num_leaves=8
num_cat=0
split_feature=1 1 1 9 9 1 1
split_gain=616.764 123.825 85.3689 24.8618 21.8811 18.0975 12.3692
threshold=1.0149959422383328 3.3978299223943007 -0.13533770335420345 0.1395611384714624 -0.85123652857667664 2.0283851062127103 4.849441427546787
decision_type=2 2 2 2 2 2 2
left_child=2 5 4 -4 -1 -2 -3
right_child=1 6 3 -5 -6 -7 -8
leaf_value=-0.0045926223988578523 0.0097392084090980446 0.025274616547664438 -0.0010509504351391944 0.0028337695624959347 -0.0020210847899412489 0.017210083510077308 0.035230958865644361
leaf_weight=1813 365 96 978 1610 3751 179 94
leaf_count=1813 365 96 978 1610 3751 179 94
internal_value=1.56026e-06 0.0168732 -0.00151785 0.00136577 -0.00285912 0.0122018 0.0302261
internal_weight=8886 734 8152 2588 5564 544 190
internal_count=8886 734 8152 2588 5564 544 190
is_linear=0
shrinkage=0.0192184


Tree=59
num_leaves=8
num_cat=0
split_feature=1 1 1 4 2 7 1
split_gain=593.645 129.872 75.4634 25.9004 23.656 17.9677 10.6406
threshold=0.90544035694380554 2.8500519959216648 -0.19011549600146707 0.27918933372561133 4.1708576516882028 -0.14706079775336725 1.8325544974987424
decision_type=2 2 2 2 2 2 2
left_child=2 6 5 -4 -3 -1 -2
right_child=1 4 3 -5 -6 -7 -8
leaf_value=-0.0038341308913646464 0.0088497976744118557 0.02321579174843702 0.0017663122805888381 -0.0027062341581777344 0.035987641434135034 -0.0014595291914180667 0.01461983867520894
leaf_weight=3264 381 164 2385 598 81 1841 172
leaf_count=3264 381 164 2385 598 81 1841 172
internal_value=1.55912e-06 0.015814 -0.00155886 0.000869605 0.0274593 -0.00297786 0.0106482
internal_weight=8886 798 8088 2983 245 5105 553
internal_count=8886 798 8088 2983 245 5105 553
is_linear=0
shrinkage=0.0192184


Tree=60
num_leaves=7
num_cat=0
split_feature=1 1 1 10 9 0
split_gain=571.394 107.89 82.8258 31.694 29.1425 21.2579
threshold=1.3710515944455464 1.0000000180025095e-35 3.9182189525433055 1.0000000180025095e-35 -0.66590411286520035 1.1787824169752736
decision_type=2 2 2 2 2 2
left_child=1 4 5 -3 -1 -2
right_child=2 3 -4 -5 -6 -7
leaf_value=-0.0040897740591611699 0.016970477614949537 -3.4201922848230803e-05 0.031119541291367677 0.005049444275805821 -0.0014276301330162602 0.0069477790611340235
leaf_weight=2427 301 800 149 1044 4059 106
leaf_count=2427 301 800 149 1044 4059 106
internal_value=1.55587e-06 -0.00125765 0.0188619 0.00284415 -0.00242386 0.0143639
internal_weight=8886 8330 556 1844 6486 407
internal_count=8886 8330 556 1844 6486 407
is_linear=0
shrinkage=0.0192184


Tree=61
num_leaves=8
num_cat=0
split_feature=5 5 5 9 2 0 5
split_gain=550.948 120.571 70.3263 24.245 22.2408 16.9064 9.79
threshold=0.51391446738554858 2.3635894272929145 -0.20505589235498065 0.069672782043351464 4.1708576516882028 0.25549810166083736 1.304246637695688
decision_type=2 2 2 2 2 2 2
left_child=2 6 5 -4 -3 -1 -2
right_child=1 4 3 -5 -6 -7 -8
leaf_value=-0.0035974343389186996 0.0085322715897855356 0.022341124076537301 -0.0014078877911865818 0.0021763812327614688 0.034723969579836707 -0.0011863103204458117 0.014066996864714531
leaf_weight=3568 381 164 1110 1873 81 1537 172
leaf_count=3568 381 164 1110 1873 81 1537 172
internal_value=1.54503e-06 0.0152347 -0.00150171 0.000842639 0.0264552 -0.00287156 0.0102574
internal_weight=8886 798 8088 2983 245 5105 553
internal_count=8886 798 8088 2983 245 5105 553
is_linear=0
shrinkage=0.0192184


Tree=62
num_leaves=8
num_cat=0
split_feature=1 1 9 10 2 2 1
split_gain=529.995 115.99 67.6906 29.5778 21.3974 21.2481 9.41796
threshold=0.90544035694380554 2.8500519959216648 0.26363434966085697 1.0000000180025095e-35 4.1708576516882028 -0.28283259643027342 1.8325544974987424
decision_type=2 2 2 2 2 2 2
left_child=2 6 5 -4 -3 -1 -2
right_child=1 4 3 -5 -6 -7 -8
leaf_value=-0.0037112524095215724 0.0083683643410522954 0.021912185608851879 -0.0009620403236833342 0.0029481497193804239 0.034057958387492558 -0.0011706018884629764 0.013796905415909624
leaf_weight=3298 381 164 1499 1365 81 1926 172
leaf_count=3298 381 164 1499 1365 81 1926 172
internal_value=1.54176e-06 0.0149423 -0.00147285 0.000901641 0.0259475 -0.00277462 0.0100603
internal_weight=8886 798 8088 2864 245 5224 553
internal_count=8886 798 8088 2864 245 5224 553
is_linear=0
shrinkage=0.0192184


Tree=63
num_leaves=8
num_cat=0
split_feature=5 5 5 3 5 9 5
split_gain=509.838 111.958 66.2598 23.45 17.1592 16.1276 10.5351
threshold=0.51391446738554858 3.0170665356400752 -0.20505589235498065 0.069968806128347147 1.4925291837611192 -0.85123652857667664 5.0303290834722096
decision_type=2 2 2 2 2 2 2
left_child=2 4 5 -4 -2 -1 -3
right_child=1 6 3 -5 -6 -7 -8
leaf_value=-0.0042776849691291132 0.0085349495742140808 0.022961029072143195 0.0016806789060471168 -0.0025857655052684563 0.015626239608421088 -0.0019979564498318909 0.032145884232450191
leaf_weight=1738 429 96 2389 594 179 3367 94
leaf_count=1738 429 96 2389 594 179 3367 94
internal_value=1.53844e-06 0.0146554 -0.00144454 0.000831014 0.0106263 -0.0027742 0.0275286
internal_weight=8886 798 8088 2983 608 5105 190
internal_count=8886 798 8088 2983 608 5105 190
is_linear=0
shrinkage=0.0192184


Tree=64
num_leaves=8
num_cat=0
split_feature=5 5 9 10 6 5 5
split_gain=490.992 120.303 59.1139 26.1155 19.8853 18.3859 10.6366
threshold=0.39122377644197243 2.3635894272929145 0.26363434966085697 1.0000000180025095e-35 3.0211401082786988 -0.3209061770419161 1.304246637695688
decision_type=2 2 2 2 2 2 2
left_child=2 6 5 -4 -3 -1 -2
right_child=1 4 3 -5 -6 -7 -8
leaf_value=-0.0040408472471433355 0.0076893915800841477 0.018434641895649855 -0.00099994118330353518 0.002722144808469423 0.029609839306343113 -0.0017309756367876476 0.013269966846399958
leaf_weight=2231 478 102 1487 1309 143 2964 172
leaf_count=2231 478 102 1487 1309 143 2964 172
internal_value=1.53407e-06 0.0134989 -0.00151042 0.000742679 0.0249725 -0.00272305 0.00916903
internal_weight=8886 895 7991 2796 245 5195 650
internal_count=8886 895 7991 2796 245 5195 650
is_linear=0
shrinkage=0.0192184


Tree=65
num_leaves=7
num_cat=0
split_feature=1 1 1 9 0 2
split_gain=472.383 93.4233 68.9873 36.9755 20.1284 11.8538
threshold=1.3710515944455464 0.24399851072809722 3.9182189525433055 -0.45934864787132773 1.1787824169752736 0.13601634467349627
decision_type=2 2 2 2 2 2
left_child=1 3 4 -1 -2 -3
right_child=2 5 -4 -5 -6 -7
leaf_value=-0.0034892000223360215 0.015581165735313622 -0.0024600400851809119 0.028336943780455415 -0.00072677461322454798 0.0058310166006001968 0.0050424159977275861
leaf_weight=3093 301 85 149 4247 106 905
leaf_count=3093 301 85 149 4247 106 905
internal_value=1.52727e-06 -0.0011434 0.0171502 -0.00189088 0.0130451 0.00439797
internal_weight=8886 8330 556 7340 407 990
internal_count=8886 8330 556 7340 407 990
is_linear=0
shrinkage=0.0192184


Tree=66
num_leaves=8
num_cat=0
split_feature=5 5 9 10 2 2 5
split_gain=455.289 111.782 55.3814 24.9705 19.1672 17.5153 9.83342
threshold=0.39122377644197243 2.3635894272929145 0.26363434966085697 1.0000000180025095e-35 4.1708576516882028 -0.33229465731438701 1.304246637695688
decision_type=2 2 2 2 2 2 2
left_child=2 6 5 -4 -3 -1 -2
right_child=1 4 3 -5 -6 -7 -8
leaf_value=-0.0035804051830789435 0.0074024920037272885 0.020240826098135489 -0.00097761427142591681 0.0026619604418025378 0.031733093844177121 -0.0013203199455646109 0.012768258260284241
leaf_weight=3006 478 164 1487 1309 81 2189 172
leaf_count=3006 478 164 1487 1309 81 2189 172
internal_value=1.51473e-06 0.0129988 -0.00145443 0.000726376 0.0240587 -0.00262815 0.00882518
internal_weight=8886 895 7991 2796 245 5195 650
internal_count=8886 895 7991 2796 245 5195 650
is_linear=0
shrinkage=0.0192184


Tree=67
num_leaves=8
num_cat=0
split_feature=1 1 1 3 2 0 1
split_gain=437.973 107.535 52.5808 18.9437 18.4403 13.6951 9.45974
threshold=0.74110697900201472 2.8500519959216648 -0.19011549600146707 0.093967617946444801 4.1708576516882028 0.25549810166083736 1.8325544974987424
decision_type=2 2 2 2 2 2 2
left_child=2 6 5 -4 -3 -1 -2
right_child=1 4 3 -5 -6 -7 -8
leaf_value=-0.0032519052427399582 0.0072602760211695162 0.019852212516169553 0.0014319792770844267 -0.0024407070099467065 0.031124449099806599 -0.0010818191374560287 0.012523102985283904
leaf_weight=3568 478 164 2301 585 81 1537 172
leaf_count=3568 478 164 2301 585 81 1537 172
internal_value=1.50971e-06 0.0127493 -0.00142648 0.000646882 0.023597 -0.0025986 0.00865567
internal_weight=8886 895 7991 2886 245 5105 650
internal_count=8886 895 7991 2886 245 5105 650
is_linear=0
shrinkage=0.0192184


Tree=68
num_leaves=7
num_cat=0
split_feature=8 6 9 3 9 9
split_gain=399.941 106.831 41.7964 32.0466 14.1685 11.2301
threshold=1.0000000180025095e-35 4.0810892711446511 0.26363434966085697 -0.077826582107320172 -0.85123652857667664 1.4249938120407826
decision_type=2 2 2 2 2 2
left_child=2 3 4 -2 -1 -4
right_child=1 -3 5 -5 -6 -7
leaf_value=-0.003870795475047257 0.0064950624097814547 0.028528253258530895 -0.00025012133999232174 0.013892010824180989 -0.0018001981990320741 0.0029223934557861529
leaf_weight=2018 798 108 2060 297 3090 515
leaf_count=2018 798 108 2060 297 3090 515
internal_value=1.50355e-06 0.0103045 -0.00161191 0.00850311 -0.00261832 0.000384524
internal_weight=8886 1203 7683 1095 5108 2575
internal_count=8886 1203 7683 1095 5108 2575
is_linear=0
shrinkage=0.0192184


Tree=69
num_leaves=8
num_cat=0
split_feature=1 1 1 9 3 0 1
split_gain=407.339 83.1784 61.5103 22.0438 20.0878 13.2407 8.58115
threshold=1.0149959422383328 3.3978299223943007 1.0000000180025095e-35 -0.85123652857667664 0.16460691542562098 1.396025785284553 4.849441427546787
decision_type=2 2 2 2 2 2 2
left_child=2 5 3 -1 -4 -2 -3
right_child=1 6 4 -5 -6 -7 -8
leaf_value=-0.0037981843532454602 0.011298149939729432 0.020535519466838913 0.002885762000332462 -0.001348988779305839 -0.0033339515783200181 0.0035200855438745652 0.028823071915894071
leaf_weight=1934 445 96 1445 4552 221 99 94
leaf_count=1934 445 96 1445 4552 221 99 94
internal_value=1.49071e-06 0.0137127 -0.0012333 -0.00207937 0.00206045 0.00988413 0.0246567
internal_weight=8886 734 8152 6486 1666 544 190
internal_count=8886 734 8152 6486 1666 544 190
is_linear=0
shrinkage=0.0192184


Tree=70
num_leaves=7
num_cat=0
split_feature=5 5 5 10 0 0
split_gain=392.754 78.8403 57.9469 25.7711 22.1242 19.8765
threshold=0.88999127094213304 -0.096046013924685841 4.0872626485473722 1.0000000180025095e-35 1.1787824169752736 0.25549810166083736
decision_type=2 2 2 2 2 2
left_child=1 5 4 -3 -2 -1
right_child=2 3 -4 -5 -6 -7
leaf_value=-0.0028092297018967004 0.014703843213997701 -0.00013159859146122607 0.026592466447143102 0.0044524774540320297 0.0046074001326310348 -0.00056908728394695278
leaf_weight=4257 313 800 135 1044 108 2229
leaf_count=4257 313 800 135 1044 108 2229
internal_value=1.48252e-06 -0.00104249 0.0156381 0.00246389 0.0121165 -0.00203941
internal_weight=8886 8330 556 1844 421 6486
internal_count=8886 8330 556 1844 421 6486
is_linear=0
shrinkage=0.0192184


Tree=71
num_leaves=8
num_cat=0
split_feature=1 1 1 4 2 0 1
split_gain=378.231 93.552 46.4451 17.2038 15.9849 11.8728 8.25277
threshold=0.74110697900201472 2.8500519959216648 -0.19011549600146707 0.27918933372561133 4.1708576516882028 0.038254733351558184 2.0283851062127103
decision_type=2 2 2 2 2 2 2
left_child=2 6 5 -4 -3 -1 -2
right_child=1 4 3 -5 -6 -7 -8
leaf_value=-0.0031232176054959582 0.006974285448705252 0.018479244146523757 0.0013808691406432261 -0.0022819855721412409 0.028974204565989193 -0.0011929351733511583 0.012492158078065739
leaf_weight=3264 526 164 2289 597 81 1841 124
leaf_count=3264 526 164 2289 597 81 1841 124
internal_value=1.4704e-06 0.0118479 -0.00132556 0.000623082 0.0219658 -0.00242717 0.00802977
internal_weight=8886 895 7991 2886 245 5105 650
internal_count=8886 895 7991 2886 245 5105 650
is_linear=0
shrinkage=0.0192184


Tree=72
num_leaves=7
num_cat=0
split_feature=1 1 1 1 10 1
split_gain=363.931 73.8436 53.9006 22.7437 20.2436 10.5024
threshold=1.3710515944455464 0.16594015620574651 4.2058023639414399 -0.35444887394325797 1.0000000180025095e-35 2.3570518620962919
decision_type=2 2 2 2 2 2
left_child=1 3 5 -1 -3 -2
right_child=2 4 -4 -5 -6 -7
leaf_value=-0.0028915573919373783 0.0090732104139832626 0.00017535044865245016 0.025618359692724538 -0.00071717451420631869 0.0053273843045381197 0.01524222611027928
leaf_weight=3375 245 450 135 3752 753 176
leaf_count=3375 245 450 135 3752 753 176
internal_value=1.4637e-06 -0.00100347 0.0150534 -0.0017469 0.00340047 0.011657
internal_weight=8886 8330 556 7127 1203 421
internal_count=8886 8330 556 7127 1203 421
is_linear=0
shrinkage=0.0192184


Tree=73
num_leaves=8
num_cat=0
split_feature=1 1 9 1 1 4 1
split_gain=350.783 86.5475 45.7986 16.8596 15.3865 14.5439 7.59374
threshold=0.74110697900201472 2.8500519959216648 0.26363434966085697 -0.053171014383308048 -0.49139335556141706 -0.56485832177531303 1.8325544974987424
decision_type=2 2 2 2 2 2 2
left_child=2 6 4 -4 -1 -3 -2
right_child=1 5 3 -5 -6 -7 -8
leaf_value=-0.0039403852960345851 0.006487325285203782 0.027473476374615974 -0.00050695483735156395 0.0025416070234455827 -0.001658566503333412 0.017630744988902811 0.011202571081333282
leaf_weight=1560 478 87 1683 1113 3635 158 172
leaf_count=1560 478 87 1683 1113 3635 158 172
internal_value=1.45366e-06 0.01141 -0.00127652 0.000706658 -0.00234387 0.0211417 0.00773753
internal_weight=8886 895 7991 2796 5195 245 650
internal_count=8886 895 7991 2796 5195 245 650
is_linear=0
shrinkage=0.0192184


Tree=74
num_leaves=8
num_cat=0
split_feature=1 1 2 1 2 0 1
split_gain=337.442 83.2591 42.5655 17.2094 14.542 12.0478 7.3501
threshold=0.74110697900201472 2.8500519959216648 -0.2428419940133307 1.0000000180025095e-35 4.1708576516882028 1.2874041011299133 2.0283851062127103
decision_type=2 2 2 2 2 2 2
left_child=2 6 5 -4 -3 -1 -2
right_child=1 4 3 -5 -6 -7 -8
leaf_value=-0.0027423972320926963 0.0065928106314987493 0.017411080156756558 -0.00072247889575533495 0.0020619385191972478 0.027419821725971398 0.0012119956001237205 0.011800207934425598
leaf_weight=4230 526 164 2119 1337 81 305 124
leaf_count=4230 526 164 2119 1337 81 305 124
internal_value=1.44643e-06 0.0111909 -0.00125199 0.000354756 0.020736 -0.00247641 0.00758891
internal_weight=8886 895 7991 3456 245 4535 650
internal_count=8886 895 7991 3456 245 4535 650
is_linear=0
shrinkage=0.0192184


Tree=75
num_leaves=8
num_cat=0
split_feature=1 1 1 9 9 0 0
split_gain=324.734 66.7048 49.8617 18.0084 14.7857 12.3432 8.2021
threshold=1.0149959422383328 3.3978299223943007 -0.11479603111147961 -0.50622593255002757 -0.85123652857667664 1.396025785284553 0.20118725958351755
decision_type=2 2 2 2 2 2 2
left_child=2 5 4 -4 -1 -2 -3
right_child=1 6 3 -5 -6 -7 -8
leaf_value=-0.0034895859162953637 0.010180312574728198 0.026866254904787654 -0.0028743465696054026 0.0018981339630866078 -0.0014022764056862 0.0026722586022678179 0.018652077762079614
leaf_weight=1847 445 78 340 2064 3901 99 112
leaf_count=1847 445 78 340 2064 3901 99 112
internal_value=1.44067e-06 0.0122437 -0.00110106 0.00122301 -0.00207307 0.00881516 0.0220442
internal_weight=8886 734 8152 2404 5748 544 190
internal_count=8886 734 8152 2404 5748 544 190
is_linear=0
shrinkage=0.0192184


Tree=76
num_leaves=7
num_cat=0
split_feature=5 5 5 9 0 0
split_gain=313.113 64.5715 46.8491 27.1689 20.5318 11.6387
threshold=0.88999127094213304 0.072053331318292127 4.0872626485473722 -0.50622593255002757 1.1787824169752736 -0.17898863495772091
decision_type=2 2 2 2 2 2
left_child=1 3 4 -1 -2 -3
right_child=2 5 -4 -5 -6 -7
leaf_value=-0.0029566181003533943 0.013288868705434673 -0.0014829662445569145 0.023812566335495857 -0.00057960977215900343 0.0035645820678800195 0.0046928493352438854
leaf_weight=2964 313 131 135 4431 108 804
leaf_count=2964 313 131 135 4431 108 804
internal_value=1.43134e-06 -0.000930707 0.013963 -0.00153239 0.0107966 0.00382747
internal_weight=8886 8330 556 7395 421 935
internal_count=8886 8330 556 7395 421 935
is_linear=0
shrinkage=0.0192184


Tree=77
num_leaves=8
num_cat=0
split_feature=1 1 2 3 2 0 1
split_gain=301.763 74.6357 39.0826 16.4865 13.4177 11.3266 6.74223
threshold=0.74110697900201472 2.8500519959216648 -0.2428419940133307 -0.077826597762448824 4.1708576516882028 1.2874041011299133 2.0283851062127103
decision_type=2 2 2 2 2 2 2
left_child=2 6 5 -4 -3 -1 -2
right_child=1 4 3 -5 -6 -7 -8
leaf_value=-0.0026150637498524617 0.006218492353550608 0.01642707205391547 -0.00056584257121166921 0.0022674739943562947 0.026039309108496236 0.0012191364156518497 0.011205689499208501
leaf_weight=4230 526 164 2332 1124 81 305 124
leaf_count=4230 526 164 2332 1124 81 305 124
internal_value=1.41792e-06 0.0105828 -0.0011839 0.000355703 0.0196201 -0.00235716 0.00717245
internal_weight=8886 895 7991 3456 245 4535 650
internal_count=8886 895 7991 3456 245 4535 650
is_linear=0
shrinkage=0.0192184


Tree=78
num_leaves=8
num_cat=0
split_feature=1 1 2 3 2 0 1
split_gain=290.286 71.7998 37.5949 15.8589 12.9088 10.8956 6.48622
threshold=0.74110697900201472 2.8500519959216648 -0.2428419940133307 -0.077826597762448824 4.1708576516882028 1.2874041011299133 2.0283851062127103
decision_type=2 2 2 2 2 2 2
left_child=2 6 5 -4 -3 -1 -2
right_child=1 4 3 -5 -6 -7 -8
leaf_value=-0.0025648082917158633 0.0060990195027101008 0.016111680723093054 -0.00055496874690968729 0.0022239030349865464 0.025539871687540457 0.001195718967583652 0.01099061418503886
leaf_weight=4230 526 164 2332 1124 81 305 124
leaf_count=4230 526 164 2332 1124 81 305 124
internal_value=1.41172e-06 0.0103796 -0.00116115 0.000348869 0.0192435 -0.00231186 0.00703469
internal_weight=8886 895 7991 3456 245 4535 650
internal_count=8886 895 7991 3456 245 4535 650
is_linear=0
shrinkage=0.0192184


Tree=79
num_leaves=8
num_cat=0
split_feature=1 1 4 0 10 0 2
split_gain=279.462 58.2915 42.1476 24.4695 16.2702 13.6789 9.3872
threshold=1.3710515944455464 0.30288463782390557 -0.30529097825567447 -0.5048536874216395 1.0000000180025095e-35 1.1787824169752736 4.1708576516882028
decision_type=2 2 2 2 2 2 2
left_child=1 3 6 -1 -3 -4 -2
right_child=2 4 5 -5 -6 -7 -8
leaf_value=-0.002777122425057075 0.016512814437181434 -5.5477797934435822e-06 0.011361469368267206 -0.00053004346705187114 0.0055858755293743375 0.0027779864739576748 0.024727604446675332
leaf_weight=2991 133 283 241 4457 599 96 86
leaf_count=2991 133 283 241 4457 599 96 86
internal_value=1.40524e-06 -0.00087922 0.0131914 -0.00143248 0.00379213 0.00891883 0.0197546
internal_weight=8886 8330 556 7448 882 337 219
internal_count=8886 8330 556 7448 882 337 219
is_linear=0
shrinkage=0.0192184


Tree=80
num_leaves=8
num_cat=0
split_feature=1 1 9 10 1 9 1
split_gain=268.948 66.6799 38.4437 21.1089 13.575 12.4681 6.08581
threshold=0.74110697900201472 2.8500519959216648 0.26363434966085697 1.0000000180025095e-35 -0.49139335556141706 0.97930977711045852 2.0283851062127103
decision_type=2 2 2 2 2 2 2
left_child=2 6 4 -4 -1 -3 -2
right_child=1 5 3 -5 -6 -7 -8
leaf_value=-0.0035950987649027489 0.0058611383150438253 0.021529171773759948 -0.00086735474304008571 0.0024789892116645171 -0.0014518268558583287 0.01220592157768326 0.010599237614593186
leaf_weight=1560 526 166 1487 1309 3635 79 124
leaf_count=1560 526 166 1487 1309 3635 79 124
internal_value=1.39836e-06 0.00999092 -0.00111762 0.000699351 -0.00209552 0.0185329 0.00676743
internal_weight=8886 895 7991 2796 5195 245 650
internal_count=8886 895 7991 2796 5195 245 650
is_linear=0
shrinkage=0.0192184


Tree=81
num_leaves=7
num_cat=0
split_feature=1 1 1 9 0 10
split_gain=258.949 54.5385 39.7812 22.566 18.7923 16.8692
threshold=1.3710515944455464 0.16594015620574651 4.2058023639414399 -0.85123652857667664 1.1787824169752736 1.0000000180025095e-35
decision_type=2 2 2 2 2 2
left_child=1 3 4 -1 -2 -3
right_child=2 5 -4 -5 -6 -7
leaf_value=-0.003220180579762501 0.012164676012413235 -5.5567798551039472e-06 0.021774153775136772 -0.00081113827427426409 0.0028626446154800967 0.0046974426255436338
leaf_weight=1994 313 450 135 5133 108 753
leaf_count=1994 313 450 135 5133 108 753
internal_value=1.38784e-06 -0.000846302 0.0126981 -0.0014852 0.00978043 0.00293845
internal_weight=8886 8330 556 7127 421 1203
internal_count=8886 8330 556 7127 421 1203
is_linear=0
shrinkage=0.0192184


Tree=82
num_leaves=8
num_cat=0
split_feature=1 1 9 1 1 1 0
split_gain=249.377 62.0503 36.2024 13.261 12.8771 10.2334 7.60549
threshold=0.74110697900201472 3.3978299223943007 0.26363434966085697 -0.080559910706939852 -0.49139335556141706 2.0283851062127103 0.20118725958351755
decision_type=2 2 2 2 2 2 2
left_child=2 5 4 -4 -1 -2 -3
right_child=1 6 3 -5 -6 -7 -8
leaf_value=-0.0034856479828231641 0.0056368023901367092 0.023999873240142647 -0.00044726187433207436 0.0022312486968767702 -0.0013981993520420463 0.010960269430071629 0.016106849093132074
leaf_weight=1560 526 78 1612 1184 3635 179 112
leaf_count=1560 526 78 1612 1184 3635 179 112
internal_value=1.37424e-06 0.00962058 -0.00107616 0.000687048 -0.00202513 0.00699064 0.0193648
internal_weight=8886 895 7991 2796 5195 705 190
internal_count=8886 895 7991 2796 5195 705 190
is_linear=0
shrinkage=0.0192184


Tree=83
num_leaves=8
num_cat=0
split_feature=1 1 6 3 0 0 0
split_gain=239.969 53.9783 37.221 16.8746 10.6809 9.10406 7.31693
threshold=0.90544035694380554 3.3978299223943007 -0.24753209488441749 -0.077826597419297164 1.396025785284553 0.25549810166083736 0.20118725958351755
decision_type=2 2 2 2 2 2 2
left_child=2 4 5 -4 -2 -1 -3
right_child=1 6 3 -5 -6 -7 -8
leaf_value=-0.0025987618258794783 0.0084673447448921097 0.023539587181698188 -0.00039463340762816806 0.0025232738889973197 0.0018934152810475371 -0.00075569227842992341 0.015797747101778191
leaf_weight=3422 496 78 2168 1105 112 1393 112
leaf_count=3422 496 78 2168 1105 112 1393 112
internal_value=1.36657e-06 0.0100548 -0.000990731 0.000590559 0.00725719 -0.0020656 0.0189933
internal_weight=8886 798 8088 3273 608 4815 190
internal_count=8886 798 8088 3273 608 4815 190
is_linear=0
shrinkage=0.0192184


Tree=84
num_leaves=7
num_cat=0
split_feature=1 1 1 9 7 7
split_gain=231.502 49.264 35.7698 22.9143 17.627 10.8993
threshold=1.3710515944455464 0.30288463782390557 4.2058023639414399 0.26363434966085697 1.2278740239036916 -0.35439223911435225
decision_type=2 2 2 2 2 2
left_child=1 3 4 -1 -2 -3
right_child=2 5 -4 -5 -6 -7
leaf_value=-0.0020455690280756942 0.011548813894574459 -0.0019132791820545168 0.020612603969541139 0.00023341706415094858 0.0025402815690242814 0.0043378779079409442
leaf_weight=5040 313 119 135 2408 108 763
leaf_count=5040 313 119 135 2408 108 763
internal_value=1.35725e-06 -0.00080015 0.0120063 -0.00130876 0.0092397 0.00349427
internal_weight=8886 8330 556 7448 421 882
internal_count=8886 8330 556 7448 421 882
is_linear=0
shrinkage=0.0192184


Tree=85
num_leaves=7
num_cat=0
split_feature=1 1 1 10 0 9
split_gain=222.696 47.7218 34.4104 18.355 16.9561 15.1132
threshold=1.3710515944455464 1.0000000180025095e-35 4.2058023639414399 1.0000000180025095e-35 1.1787824169752736 -0.85123652857667664
decision_type=2 2 2 2 2 2
left_child=1 5 4 -3 -2 -1
right_child=2 3 -4 -5 -6 -7
leaf_value=-0.0029835677222883172 0.011326978679833665 -0.0002471837035887188 0.020216936455432075 0.0036214649802232802 0.0024915344212005633 -0.00095562985525968571
leaf_weight=1934 313 800 135 1044 108 4552
leaf_count=1934 313 800 135 1044 108 4552
internal_value=1.34352e-06 -0.000784772 0.0117757 0.00194322 0.00906223 -0.00156038
internal_weight=8886 8330 556 1844 421 6486
internal_count=8886 8330 556 1844 421 6486
is_linear=0
shrinkage=0.0192184


Tree=86
num_leaves=8
num_cat=0
split_feature=5 5 2 7 10 7 7
split_gain=214.848 53.9516 30.6618 12.7575 12.4673 9.38342 4.88008
threshold=0.39122377644197243 2.2705890103143314 -0.2428419940133307 -0.036847768398317333 1.0000000180025095e-35 1.3839182139806434 -0.30419620594274538
decision_type=2 2 2 2 2 2 2
left_child=2 6 5 -3 -4 -1 -2
right_child=1 3 4 -5 -6 -7 -8
leaf_value=-0.0022727736190121836 0.0019251201519749081 0.022038765377155777 -0.00061649755576391539 0.013093902818068926 0.001722447740308785 0.0012170227576974622 0.00664931141083102
leaf_weight=4230 95 94 2006 161 1450 305 545
leaf_count=4230 95 94 2006 161 1450 305 545
internal_value=1.32939e-06 0.00892977 -0.000998825 0.0164031 0.000364865 -0.00203803 0.00594873
internal_weight=8886 895 7991 255 3456 4535 640
internal_count=8886 895 7991 255 3456 4535 640
is_linear=0
shrinkage=0.0192184


Tree=87
num_leaves=8
num_cat=0
split_feature=1 1 0 10 0 1 0
split_gain=206.675 51.9017 29.6975 23.5063 12.2732 4.88205 4.69425
threshold=0.74110697900201472 2.767885306950769 -0.2876103191123604 1.0000000180025095e-35 0.14687641750619776 -0.51878225188504878 -0.12467779288040114
decision_type=2 2 2 2 2 2 2
left_child=2 6 5 -4 -3 -1 -2
right_child=1 4 3 -5 -6 -7 -8
leaf_value=-0.0033622050667459868 0.0018881852527555215 0.021615941638025212 -0.0011664572860324769 0.0016583771862950104 0.012842511102975169 -0.0018147241150836403 0.0065215600481898714
leaf_weight=1079 95 94 2477 1940 161 2495 545
leaf_count=1079 95 94 2477 1940 161 2495 545
internal_value=1.31914e-06 0.00875831 -0.00097963 7.42591e-05 0.0160883 -0.00228204 0.00583445
internal_weight=8886 895 7991 4417 255 3574 640
internal_count=8886 895 7991 4417 255 3574 640
is_linear=0
shrinkage=0.0192184


Tree=88
num_leaves=7
num_cat=0
split_feature=1 1 1 3 0 9
split_gain=199.372 43.3662 31.279 18.2264 16.171 13.8495
threshold=1.3710515944455464 1.0000000180025095e-35 4.2058023639414399 0.16460691542562098 1.1787824169752736 -0.85123652857667664
decision_type=2 2 2 2 2 2
left_child=1 5 4 -3 -2 -1
right_child=2 3 -4 -5 -6 -7
leaf_value=-0.0028442611930222625 0.01076666658582393 0.0025685258553284972 0.019189919958386842 -0.0032786222768064013 0.0021388086353244366 -0.00090295382972795069
leaf_weight=1934 313 1620 135 224 108 4552
leaf_count=1934 313 1620 135 224 108 4552
internal_value=1.30713e-06 -0.000742503 0.0111421 0.00185802 0.00855502 -0.00148187
internal_weight=8886 8330 556 1844 421 6486
internal_count=8886 8330 556 1844 421 6486
is_linear=0
shrinkage=0.0192184


Tree=89
num_leaves=8
num_cat=0
split_feature=1 1 9 1 0 10 10
split_gain=192.301 53.5121 29.8384 16.0457 11.6993 11.2243 5.39816
threshold=0.60416249738385563 2.767885306950769 0.92753486567428256 -0.35444887394325797 0.14687641750619776 1.0000000180025095e-35 1.0000000180025095e-35
decision_type=2 2 2 2 2 2 2
left_child=2 6 3 -1 -3 -4 -2
right_child=1 4 5 -5 -6 -7 -8
leaf_value=-0.0025216487643334785 0.0018664282207249111 0.020898393039744508 -4.0374089108473228e-05 -0.000632378559972006 0.012333546172601469 0.0036715525621856659 0.0060851011225004168
leaf_weight=3114 137 94 616 3557 161 588 619
leaf_count=3114 137 94 616 3557 161 588 619
internal_value=1.29166e-06 0.00789111 -0.00101175 -0.00151432 0.015502 0.00177267 0.00532117
internal_weight=8886 1011 7875 6671 255 1204 756
internal_count=8886 1011 7875 6671 255 1204 756
is_linear=0
shrinkage=0.0192184


Tree=90
num_leaves=8
num_cat=0
split_feature=1 1 4 9 10 0 6
split_gain=184.99 40.5722 29.8118 19.5343 12.8992 10.7 7.78052
threshold=1.3710515944455464 0.30288463782390557 -0.30529097825567447 0.26363434966085697 1.0000000180025095e-35 1.1787824169752736 4.3871383114319267
decision_type=2 2 2 2 2 2 2
left_child=1 3 6 -1 -3 -4 -2
right_child=2 4 5 -5 -6 -7 -8
leaf_value=-0.001857065084741291 0.01310674418355349 -0.0001993244199945892 0.0092999193756354119 0.00024713248502807196 0.004779163903960184 0.001710114113674733 0.020483839127150912
leaf_weight=5040 126 283 241 2408 599 96 93
leaf_count=5040 126 283 241 2408 599 96 93
internal_value=1.2814e-06 -0.000715199 0.0107327 -0.00117677 0.00318201 0.0071397 0.0162523
internal_weight=8886 8330 556 7448 882 337 219
internal_count=8886 8330 556 7448 882 337 219
is_linear=0
shrinkage=0.0192184


Tree=91
num_leaves=8
num_cat=0
split_feature=1 1 0 10 0 2 10
split_gain=178.142 49.7007 24.924 20.1659 11.1787 8.97612 5.05591
threshold=0.60416249738385563 2.767885306950769 0.14687641750619776 1.0000000180025095e-35 0.14687641750619776 1.0126524450238485 1.0000000180025095e-35
decision_type=2 2 2 2 2 2 2
left_child=2 6 5 -4 -3 -1 -2
right_child=1 4 3 -5 -6 -7 -8
leaf_value=-0.0020236024269931325 0.0017749605924115204 0.020204314012910025 -0.0010627104663737629 0.0019473018686357595 0.011833292267366926 0.0038521029184635301 0.0058576524078664373
leaf_weight=4456 137 94 1826 1495 161 98 619
leaf_count=4456 137 94 1826 1495 161 98 619
internal_value=1.27342e-06 0.00759506 -0.00097376 0.000292322 0.0149299 -0.00189703 0.00511834
internal_weight=8886 1011 7875 3321 255 4554 756
internal_count=8886 1011 7875 3321 255 4554 756
is_linear=0
shrinkage=0.0192184


Tree=92
num_leaves=8
num_cat=0
split_feature=1 2 4 3 7 9 2
split_gain=171.651 38.3252 27.9286 20.5526 10.2453 8.96369 7.58456
threshold=1.3710515944455464 -0.20285139159638782 -0.30529097825567447 -0.077826593745747935 1.2278740239036916 0.99571293974263997 4.1708576516882028
decision_type=2 2 2 2 2 2 2
left_child=1 5 6 -3 -4 -1 -2
right_child=2 3 4 -5 -6 -7 -8
leaf_value=-0.0020488610960868385 0.012774208015508515 8.590662078392844e-05 0.0089747132382134963 0.0037122886866015454 0.0015481983070032637 0.00098293893543636816 0.020143720195076997
leaf_weight=4425 133 2785 241 728 96 392 86
leaf_count=4425 133 2785 241 728 96 392 86
internal_value=1.26376e-06 -0.000688901 0.0103385 0.00083754 0.00686091 -0.00180211 0.0156809
internal_weight=8886 8330 556 3513 337 4817 219
internal_count=8886 8330 556 3513 337 4817 219
is_linear=0
shrinkage=0.0192184


Tree=93
num_leaves=7
num_cat=0
split_feature=1 1 6 1 10 0
split_gain=165.482 47.3994 20.7184 16.803 13.6018 11.5309
threshold=1.8325544974987424 0.30288463782390557 4.0810892711446511 -0.35444887394325797 1.0000000180025095e-35 1.1244715748979541
decision_type=2 2 2 2 2 2
left_child=1 3 5 -1 -3 -2
right_child=2 4 -4 -5 -6 -7
leaf_value=-0.0021159033616521307 0.011595828876078849 -0.00016122958965626165 0.019394816692223271 -0.00028217854775111628 0.0047225831475567869 0.0032784004611422449
leaf_weight=3375 232 297 101 4073 724 84
leaf_count=3375 232 297 101 4073 724 84
internal_value=1.25563e-06 -0.000580798 0.011818 -0.00111314 0.00330212 0.00938768
internal_weight=8886 8469 417 7448 1021 316
internal_count=8886 8469 417 7448 1021 316
is_linear=0
shrinkage=0.0192184


Tree=94
num_leaves=7
num_cat=0
split_feature=5 5 6 9 9 10
split_gain=159.189 45.5953 19.9315 17.9882 15.7664 13.0842
threshold=1.304246637695688 0.089663738915175525 4.0810892711446511 -0.85123652857667664 1.1845436602808852 1.0000000180025095e-35
decision_type=2 2 2 2 2 2
left_child=1 3 4 -1 -2 -3
right_child=2 5 -4 -5 -6 -7
leaf_value=-0.0026435964639984037 0.012299163155517519 -0.0001581327298251966 0.019022674457056507 -0.00051692259175976669 0.0032434224192502844 0.0046318428634903163
leaf_weight=2013 208 297 101 5435 108 724
leaf_count=2013 208 297 101 5435 108 724
internal_value=1.24423e-06 -0.000569636 0.0115912 -0.00109175 0.00920741 0.00323867
internal_weight=8886 8469 417 7448 316 1021
internal_count=8886 8469 417 7448 316 1021
is_linear=0
shrinkage=0.0192184


Tree=95
num_leaves=8
num_cat=0
split_feature=5 5 9 5 9 10 10
split_gain=153.317 43.0211 26.3126 14.1565 10.4776 10.0985 4.38594
threshold=0.29298389935192032 2.2705890103143314 0.92753486567428256 -0.3209061770419161 0.97930977711045852 1.0000000180025095e-35 1.0000000180025095e-35
decision_type=2 2 2 2 2 2 2
left_child=2 6 3 -1 -3 -4 -2
right_child=1 4 5 -5 -6 -7 -8
leaf_value=-0.002499969887110549 0.0016278312011055445 0.016626710559087973 -8.2987016651282749e-06 -0.00067835618212934163 0.0083362098951595912 0.0035125599887286625 0.0054303639548143566
leaf_weight=2552 137 170 616 4119 85 588 619
leaf_count=2552 137 170 616 4119 85 588 619
internal_value=1.23286e-06 0.00704606 -0.000903315 -0.00137526 0.0138702 0.00171143 0.00474178
internal_weight=8886 1011 7875 6671 255 1204 756
internal_count=8886 1011 7875 6671 255 1204 756
is_linear=0
shrinkage=0.0192184


Tree=96
num_leaves=7
num_cat=0
split_feature=5 5 2 0 10 0
split_gain=147.779 42.3241 18.3464 15.8148 12.2286 11.6696
threshold=1.304246637695688 0.089663738915175525 4.1708576516882028 -0.5048536874216395 1.0000000180025095e-35 0.63567399620207587
decision_type=2 2 2 2 2 2
left_child=1 3 5 -1 -3 -2
right_child=2 4 -4 -5 -6 -7
leaf_value=-0.0021328630859278968 0.012831191333772484 -0.00016353589642104178 0.019192978653523408 -0.00032636823732737959 0.0044671862409679346 0.0056254164905100452
leaf_weight=2991 162 297 84 4457 724 171
leaf_count=2991 162 297 84 4457 724 171
internal_value=1.22047e-06 -0.00054882 0.0111681 -0.00105186 0.00312033 0.00913546
internal_weight=8886 8469 417 7448 1021 333
internal_count=8886 8469 417 7448 1021 333
is_linear=0
shrinkage=0.0192184


Tree=97
num_leaves=7
num_cat=0
split_feature=5 6 2 9 5 9
split_gain=142.203 33.2385 26.1252 12.9694 12.4099 7.96698
threshold=0.51391446738554858 4.0810892711446511 -0.20285139159638782 -0.85123652857667664 1.8252349008394286 0.99571293974263997
decision_type=2 2 2 2 2 2
left_child=2 4 5 -4 -2 -1
right_child=1 -3 3 -5 -6 -7
leaf_value=-0.0018957466342678381 0.0044721981352389591 0.017701753606937917 -0.0029218550419348511 0.00098228549437889921 0.010051698195819397 0.00096257074130673436
leaf_weight=4423 478 107 352 2921 213 392
leaf_count=4423 478 107 352 2921 213 392
internal_value=1.2108e-06 0.00774031 -0.000762504 0.000562284 0.00619402 -0.00166302
internal_weight=8886 798 8088 3273 691 4815
internal_count=8886 798 8088 3273 691 4815
is_linear=0
shrinkage=0.0192184


Tree=98
num_leaves=8
num_cat=0
split_feature=1 1 9 1 10 1 0
split_gain=137.045 38.6692 24.3144 13.1888 9.62238 7.06222 5.42579
threshold=0.60416249738385563 3.3978299223943007 0.92753486567428256 -0.40922666659052159 1.0000000180025095e-35 2.0283851062127103 0.20118725958351755
decision_type=2 2 2 2 2 2 2
left_child=2 5 3 -1 -4 -2 -3
right_child=1 6 4 -5 -6 -7 -8
leaf_value=-0.0023932633311263061 0.0039088041028366169 0.018379375963279411 -1.9200815488689969e-05 -0.00063501393656974724 0.0034176540537529079 0.0082271592520496862 0.011727949357168754
leaf_weight=2552 642 78 616 4119 588 179 112
leaf_count=2552 642 78 616 4119 588 179 112
internal_value=1.1978e-06 0.00666171 -0.000854004 -0.00130768 0.00165949 0.00485176 0.0144718
internal_weight=8886 1011 7875 6671 1204 821 190
internal_count=8886 1011 7875 6671 1204 821 190
is_linear=0
shrinkage=0.0192184


Tree=99
num_leaves=8
num_cat=0
split_feature=1 6 4 10 7 9 7
split_gain=131.89 31.5834 22.5284 16.6529 9.29528 7.34108 6.9418
threshold=1.3710515944455464 -0.24753209488441749 -0.30529097825567447 1.0000000180025095e-35 1.2278740239036916 0.99571293974263997 0.13665591147745434
decision_type=2 2 2 2 2 2 2
left_child=1 5 6 -3 -4 -1 -2
right_child=2 3 4 -5 -6 -7 -8
leaf_value=-0.0018376518429668552 0.017533904230716445 -0.00037700882073824166 0.0079526341575384546 0.002292562202788089 0.00088004489695065 0.00090604664793581837 0.010638258074140771
leaf_weight=4425 102 1988 241 1525 96 392 117
leaf_count=4425 102 1988 241 1525 96 392 117
internal_value=1.18966e-06 -0.000603784 0.00906245 0.000781909 0.00593928 -0.00161435 0.0138605
internal_weight=8886 8330 556 3513 337 4817 219
internal_count=8886 8330 556 3513 337 4817 219
is_linear=0
shrinkage=0.0192184


Tree=100
num_leaves=8
num_cat=0
split_feature=1 1 9 1 10 1 7
split_gain=127.432 35.7268 22.8477 12.3977 9.07625 6.584 5.02916
threshold=0.60416249738385563 3.3978299223943007 0.92753486567428256 -0.40922666659052159 1.0000000180025095e-35 2.0283851062127103 1.0000000180025095e-35
decision_type=2 2 2 2 2 2 2
left_child=2 5 3 -1 -4 -2 -3
right_child=1 6 4 -5 -6 -7 -8
leaf_value=-0.0023157846937198047 0.0037736423359934243 0.017692962710603423 -1.7331402645043332e-05 -0.00061108298925794844 0.0033205667615448186 0.0079432243195551935 0.011289273527105717
leaf_weight=2552 642 78 616 4119 588 179 112
leaf_count=2552 642 78 616 4119 588 179 112
internal_value=1.1801e-06 0.00642385 -0.000823482 -0.00126326 0.00161303 0.00468411 0.013931
internal_weight=8886 1011 7875 6671 1204 821 190
internal_count=8886 1011 7875 6671 1204 821 190
is_linear=0
shrinkage=0.0192184


Tree=101
num_leaves=7
num_cat=0
split_feature=1 6 7 10 1 4
split_gain=122.586 34.3789 19.714 17.795 13.1953 8.36306
threshold=0.60416249738385563 4.0810892711446511 -0.092499892132055409 1.0000000180025095e-35 2.3570518620962919 -1.9570831642897413
decision_type=2 2 2 2 2 2
left_child=2 4 5 -4 -2 -1
right_child=1 -3 3 -5 -6 -7
leaf_value=0.0039769255048950165 0.0037886302891251239 0.016594639160598473 -0.00095628831804305306 0.0018163588143686495 0.009260449657372178 -0.0017832050988721706
leaf_weight=95 691 107 1920 1541 213 4319
leaf_count=95 691 107 1920 1541 213 4319
internal_value=1.17176e-06 0.00630052 -0.000807656 0.000278251 0.00507932 -0.00165909
internal_weight=8886 1011 7875 3461 904 4414
internal_count=8886 1011 7875 3461 904 4414
is_linear=0
shrinkage=0.0192184


Tree=102
num_leaves=7
num_cat=0
split_feature=1 2 10 2 10 0
split_gain=117.928 35.4157 17.3691 15.5539 13.1599 10.7423
threshold=1.8325544974987424 0.13601634467349627 1.0000000180025095e-35 4.1708576516882028 1.0000000180025095e-35 1.1244715748979541
decision_type=2 2 2 2 2 2
left_child=1 4 -3 5 -1 -2
right_child=3 2 -4 -5 -6 -7
leaf_value=-0.0019722292556051601 0.010109251591805396 0.00035855836760623281 0.0040421569271116625 0.017365026922093376 -0.00022645428657355239 0.0021571231377501116
leaf_weight=3545 249 1273 752 84 2899 84
leaf_count=3545 249 1273 752 84 2899 84
internal_value=1.16069e-06 -0.000490195 0.00172671 0.0099766 -0.00118687 0.00810533
internal_weight=8886 8469 2025 417 6444 333
internal_count=8886 8469 2025 417 6444 333
is_linear=0
shrinkage=0.0192184


Tree=103
num_leaves=7
num_cat=0
split_feature=1 1 9 10 0 9
split_gain=113.545 25.4308 23.719 19.3981 9.82884 4.38924
threshold=1.0149959422383328 4.2058023639414399 -0.50622593255002757 1.0000000180025095e-35 1.396025785284553 -1.1967135652468945
decision_type=2 2 2 2 2 2
left_child=2 4 5 -4 -2 -1
right_child=1 -3 3 -5 -6 -7
leaf_value=-0.0029387314527369265 0.0066672226316258744 0.014772057720885219 -0.0009066953885201426 0.0014706798772085047 0.00016788204380733965 -0.0014282785836181541
leaf_weight=1150 495 135 2872 2269 104 1861
leaf_count=1150 495 135 2872 2269 104 1861
internal_value=1.14951e-06 0.00724017 -0.000650777 0.000142581 0.00553914 -0.0020053
internal_weight=8886 734 8152 5141 599 3011
internal_count=8886 734 8152 5141 599 3011
is_linear=0
shrinkage=0.0192184


Tree=104
num_leaves=8
num_cat=0
split_feature=1 1 0 6 3 4 0
split_gain=109.757 34.661 15.7752 9.51723 7.74297 6.19306 3.60983
threshold=0.46721801576569649 2.3570518620962919 0.092565575428877972 3.0211401082786988 0.043867987577425223 -1.9570831642897413 -0.17898863495772091
decision_type=2 2 2 2 2 2 2
left_child=2 6 5 -3 -4 -1 -2
right_child=1 3 4 -5 -6 -7 -8
leaf_value=0.0034009104090813886 0.00023645087686579102 0.0078267646657137202 0.00062531623664711814 0.014578479368465708 -0.0017033559996784957 -0.0016889884075754139 0.0039832579637487635
leaf_weight=90 109 165 2687 146 656 4294 739
leaf_count=90 109 165 2687 146 656 4294 739
internal_value=1.13364e-06 0.0055157 -0.000826113 0.0110023 0.000168298 -0.00158437 0.00350179
internal_weight=8886 1159 7727 311 3343 4384 848
internal_count=8886 1159 7727 311 3343 4384 848
is_linear=0
shrinkage=0.0192184


Tree=105
num_leaves=8
num_cat=0
split_feature=1 1 3 4 9 0 0
split_gain=105.712 31.7177 15.4967 13.8368 9.67467 8.12826 4.9852
threshold=1.8325544974987424 1.0000000180025095e-35 0.16460691542562098 -0.30529097825567447 -1.1518575233569945 0.14687641750619776 0.9615390486659946
decision_type=2 2 2 2 2 2 2
left_child=1 4 -3 5 -1 -2 -5
right_child=3 2 -4 6 -6 -7 -8
leaf_value=-0.0026610714997894799 0.017815785869630858 0.002273744495057226 -0.0030608328730929849 0.0082112506307783564 -0.00075817816436186947 0.0099595288081887178 0.0020539673080102552
leaf_weight=1214 79 1756 227 132 5272 129 77
leaf_count=1214 79 1756 227 132 5272 129 77
internal_value=1.12139e-06 -0.00046409 0.00166288 0.00944579 -0.0011144 0.0129549 0.00594613
internal_weight=8886 8469 1983 417 6486 208 209
internal_count=8886 8469 1983 417 6486 208 209
is_linear=0
shrinkage=0.0192184


Tree=106
num_leaves=8
num_cat=0
split_feature=5 5 9 9 5 10 10
split_gain=102.066 32.0249 17.5534 12.7651 10.8585 5.82316 4.36152
threshold=0.19838253622816648 1.8252349008394286 1.4249938120407826 0.96391723587267608 -0.29281684922209378 1.0000000180025095e-35 1.0000000180025095e-35
decision_type=2 2 2 2 2 2 2
left_child=2 5 4 -3 -1 -2 -4
right_child=1 3 6 -5 -6 -7 -8
leaf_value=-0.0018605450423411301 0.00039873234983473589 0.013678606157416947 0.00083511237119673345 0.0056694487785745023 -0.00036237493716521739 0.0042329323212686159 0.004362441149091476
leaf_weight=3271 188 191 256 120 3938 660 262
leaf_count=3271 188 191 256 120 3938 660 262
internal_value=1.11166e-06 0.00531895 -0.000796624 0.0105928 -0.00104218 0.00338314 0.00262001
internal_weight=8886 1159 7727 311 7209 848 518
internal_count=8886 1159 7727 311 7209 848 518
is_linear=0
shrinkage=0.0192184


Tree=107
num_leaves=7
num_cat=0
split_feature=8 2 9 10 9 10
split_gain=96.5612 29.7397 16.5332 13.5665 10.4955 4.19102
threshold=1.0000000180025095e-35 3.9393331113795864 1.4249938120407826 1.0000000180025095e-35 -0.85123652857667664 1.0000000180025095e-35
decision_type=2 2 2 2 2 2
left_child=2 3 4 -2 -1 -4
right_child=1 -3 5 -5 -6 -7
leaf_value=-0.0022054001128280765 -0.00031728131023389872 0.015146659335836818 0.00078239859469223297 0.0051714562624161371 -0.00057028217219805852 0.004250043188413025
leaf_weight=2018 204 99 255 900 5150 260
leaf_count=2018 204 99 255 900 5150 260
internal_value=1.09972e-06 0.00506361 -0.000791674 0.00415733 -0.00103065 0.00253384
internal_weight=8886 1203 7683 1104 7168 515
internal_count=8886 1203 7683 1104 7168 515
is_linear=0
shrinkage=0.0192184


Tree=108
num_leaves=7
num_cat=0
split_feature=1 2 10 6 10 7
split_gain=95.0175 29.8226 13.9949 13.2349 11.5758 9.03619
threshold=1.8325544974987424 0.13601634467349627 1.0000000180025095e-35 4.0810892711446511 1.0000000180025095e-35 1.1514887560338549
decision_type=2 2 2 2 2 2
left_child=1 4 -3 5 -1 -2
right_child=3 2 -4 -5 -6 -7
leaf_value=-0.0018158430718838261 0.0089677437630519084 0.00036626683013787524 0.0036727791281822254 0.015010292740462677 -0.00017850861759460251 0.0016083596565653882
leaf_weight=3545 232 1273 752 101 2899 84
leaf_count=3545 232 1273 752 101 2899 84
internal_value=1.08636e-06 -0.000439966 0.00159436 0.00895527 -0.00107927 0.00701328
internal_weight=8886 8469 2025 417 6444 316
internal_count=8886 8469 2025 417 6444 316
is_linear=0
shrinkage=0.0192184


Tree=109
num_leaves=7
num_cat=0
split_feature=1 6 0 10 10 4
split_gain=91.5181 30.6185 15.1485 12.6313 11.1352 5.71224
threshold=2.0283851062127103 -0.041805078875427386 1.1787824169752736 1.0000000180025095e-35 1.0000000180025095e-35 -0.37063660319768149
decision_type=2 2 2 2 2 2
left_child=1 4 5 -3 -1 -2
right_child=2 3 -4 -5 -6 -7
leaf_value=-0.001780947060331822 0.014167242666178716 0.00044565316732631736 0.0018432288878858752 0.0035322599243048582 -0.00017507814741790119 0.0087557324161078656
leaf_weight=3545 141 1280 78 793 2899 150
leaf_count=3545 141 1280 78 793 2899 150
internal_value=1.07515e-06 -0.000404966 0.00936912 0.00162658 -0.00105853 0.0113842
internal_weight=8886 8517 369 2073 6444 291
internal_count=8886 8517 369 2073 6444 291
is_linear=0
shrinkage=0.0192184


Tree=110
num_leaves=7
num_cat=0
split_feature=1 1 9 4 9 9
split_gain=88.038 28.7152 14.6053 14.1039 12.4102 8.80553
threshold=2.0283851062127103 1.0000000180025095e-35 0.94922435560024809 0.33001370868050567 0.30957875305241833 -1.1518575233569945
decision_type=2 2 2 2 2 2
left_child=1 5 4 -3 -2 -1
right_child=2 3 -4 -5 -6 -7
leaf_value=-0.0024971857241534983 0.0086826449593435575 0.0021664486420466048 0.0046137521536998493 -0.0029052690741825445 0.018115832967772853 -0.00068178210083035657
leaf_weight=1214 132 1803 152 228 85 5272
leaf_count=1214 132 1803 152 228 85 5272
internal_value=1.06386e-06 -0.000397183 0.00918927 0.00159691 0.0123884 -0.00102163
internal_weight=8886 8517 369 2031 217 6486
internal_count=8886 8517 369 2031 217 6486
is_linear=0
shrinkage=0.0192184


Tree=111
num_leaves=7
num_cat=0
split_feature=5 6 6 0 9 9
split_gain=84.8896 22.9037 15.55 13.4533 12.5368 5.74833
threshold=0.88999127094213304 -0.24753209488441749 4.0810892711446511 1.1787824169752736 -0.85123652857667664 0.99571293974263997
decision_type=2 2 2 2 2 2
left_child=1 5 3 -2 -3 -1
right_child=2 4 -4 -5 -6 -7
leaf_value=-0.0015424739622489064 0.007672562553090863 -0.0027330922936186679 0.013967918922840928 8.1840784549731688e-05 0.0010800791760495199 0.00088538481616811542
leaf_weight=4425 336 354 104 116 3159 392
leaf_count=4425 336 354 104 116 3159 392
internal_value=1.05302e-06 -0.000484299 0.00727064 0.00572523 0.000695723 -0.00134488
internal_weight=8886 8330 556 452 3513 4817
internal_count=8886 8330 556 452 3513 4817
is_linear=0
shrinkage=0.0192184


Tree=112
num_leaves=7
num_cat=0
split_feature=1 6 9 1 0 1
split_gain=82.0481 24.4047 17.9398 10.3796 9.16546 3.16523
threshold=0.60416249738385563 4.0810892711446511 0.92753486567428256 -0.49139335556141706 1.6132691535938319 -0.025782118059676232
decision_type=2 2 2 2 2 2
left_child=2 4 3 -1 -2 -4
right_child=1 -3 5 -5 -6 -7
leaf_value=-0.0023083602649125825 0.0048644319355374832 0.013827748258948841 0.00066337439298521652 -0.00059353096106235567 -0.00094180454083094543 0.0026613815809832454
leaf_weight=1777 789 107 701 4894 115 503
leaf_count=1777 789 107 701 4894 115 503
internal_value=1.03957e-06 0.00515463 -0.000660675 -0.00105037 0.00412577 0.00149834
internal_weight=8886 1011 7875 6671 904 1204
internal_count=8886 1011 7875 6671 904 1204
is_linear=0
shrinkage=0.0192184


Tree=113
num_leaves=7
num_cat=0
split_feature=1 6 0 10 9 9
split_gain=79.4105 26.8281 13.7949 11.3372 10.9166 10.4531
threshold=2.0283851062127103 -0.041805078875427386 1.1787824169752736 1.0000000180025095e-35 1.4249938120407826 0.96391723587267608
decision_type=2 2 2 2 2 2
left_child=1 4 5 -3 -1 -2
right_child=2 3 -4 -5 -6 -7
leaf_value=-0.0011753903159226085 0.013048254837383332 0.00040564266404888262 0.0015461607432539406 0.0033298704523684899 0.0023670797925023192 0.0051050177841157045
leaf_weight=6105 203 1280 78 793 339 88
leaf_count=6105 203 1280 78 793 339 88
internal_value=1.02594e-06 -0.000377204 0.00872741 0.00152444 -0.000988976 0.0106503
internal_weight=8886 8517 369 2073 6444 291
internal_count=8886 8517 369 2073 6444 291
is_linear=0
shrinkage=0.0192184


Tree=114
num_leaves=7
num_cat=0
split_feature=1 2 7 10 9 9
split_gain=76.3903 25.807 13.2701 10.9058 10.5012 10.0552
threshold=2.0283851062127103 0.13601634467349627 1.2278740239036916 1.0000000180025095e-35 1.4249938120407826 0.96391723587267608
decision_type=2 2 2 2 2 2
left_child=1 4 5 -3 -1 -2
right_child=2 3 -4 -5 -6 -7
leaf_value=-0.0011528017835728207 0.012797687569749026 0.00039784785061085237 0.0015165072950777373 0.0032658886932885006 0.0023216099625149411 0.0050070872511794188
leaf_weight=6105 203 1280 78 793 339 88
leaf_count=6105 203 1280 78 793 339 88
internal_value=1.01485e-06 -0.000369953 0.00855985 0.00149515 -0.000969969 0.0104459
internal_weight=8886 8517 369 2073 6444 291
internal_count=8886 8517 369 2073 6444 291
is_linear=0
shrinkage=0.0192184


Tree=115
num_leaves=7
num_cat=0
split_feature=1 6 10 0 4 4
split_gain=73.485 24.9336 12.9142 12.7654 8.96521 5.01458
threshold=2.0283851062127103 0.058252880427069234 1.0000000180025095e-35 1.1787824169752736 -0.1128844159264311 -0.37063660319768149
decision_type=2 2 2 2 2 2
left_child=1 2 -1 5 -3 -2
right_child=3 4 -4 -5 -6 -7
leaf_value=-0.0016311409487685235 0.012852079268819124 0.00068508433953393523 4.6047524903294815e-05 0.0014874228148808863 0.0036191906708861327 0.0077837175355444663
leaf_weight=3765 141 1065 3085 78 602 150
leaf_count=3765 141 1065 3085 78 602 150
internal_value=1.00381e-06 -0.000362841 -0.00087581 0.00839551 0.00174492 0.0102453
internal_weight=8886 8517 6850 369 1667 291
internal_count=8886 8517 6850 369 1667 291
is_linear=0
shrinkage=0.0192184


Tree=116
num_leaves=7
num_cat=0
split_feature=1 6 9 3 4 9
split_gain=70.7487 22.9246 11.5773 11.5266 7.62383 5.08706
threshold=1.8325544974987424 -0.24753209488441749 1.4543018324783774 -0.077826594306335733 -0.30529097825567447 0.80019656997990429
decision_type=2 2 2 2 2 2
left_child=1 5 4 -3 -2 -1
right_child=2 3 -4 -5 -6 -7
leaf_value=-0.0014681243815194212 0.012136388806512638 0.00014404105522518749 0.00115228841259204 0.0026347314559773904 0.0063429949681403962 0.00053752750820264825
leaf_weight=4294 171 2735 80 916 166 524
leaf_count=4294 171 2735 80 916 166 524
internal_value=9.9321e-07 -0.000379588 0.00772751 0.00076902 0.00928708 -0.00124998
internal_weight=8886 8469 417 3651 337 4818
internal_count=8886 8469 417 3651 337 4818
is_linear=0
shrinkage=0.0192184


Tree=117
num_leaves=7
num_cat=0
split_feature=2 5 10 9 5 3
split_gain=68.2878 22.1112 19.2294 23.4166 5.71802 4.91082
threshold=0.93372362446409296 4.0872626485473722 1.0000000180025095e-35 -0.42078955466961127 0.16156077488922846 -1.1641657429909971
decision_type=2 2 2 2 2 2
left_child=2 5 4 -4 -1 -2
right_child=1 -3 3 -5 -6 -7
leaf_value=-0.0013708115451482716 0.0022067351624427962 0.01191652638210642 -0.0017238954847579517 0.0015838203046923539 -0.0065841110887918239 0.0050462057654080787
leaf_weight=4265 475 134 1204 2301 79 428
leaf_count=4265 475 134 1204 2301 79 428
internal_value=9.81654e-07 0.00463562 -0.000611424 0.000447562 -0.00146586 0.00355324
internal_weight=8886 1037 7849 3505 4344 903
internal_count=8886 1037 7849 3505 4344 903
is_linear=0
shrinkage=0.0192184


Tree=118
num_leaves=7
num_cat=0
split_feature=6 7 10 6 7 6
split_gain=65.8859 22.1817 27.3532 12.6352 7.25056 4.37924
threshold=1.3629483427845817 -0.20053048526225287 1.0000000180025095e-35 4.3871383114319267 1.4635771361877585 0.56656804221768875
decision_type=2 2 2 2 2 2
left_child=1 5 -3 4 -2 -1
right_child=3 2 -4 -5 -6 -7
leaf_value=-0.0014720723015100368 0.006535438999203478 -0.0010024817202600141 0.0021279085876952436 0.013035410411422588 1.4763549765792754e-05 0.0025949249649122423
leaf_weight=4159 327 2013 2113 96 78 100
leaf_count=4159 327 2013 2113 96 78 100
internal_value=9.66652e-07 -0.000403596 0.000600668 0.00676989 0.00528012 -0.00137649
internal_weight=8886 8385 4126 501 405 4259
internal_count=8886 8385 4126 501 405 4259
is_linear=0
shrinkage=0.0192184


Tree=119
num_leaves=7
num_cat=0
split_feature=1 6 9 10 9 10
split_gain=63.6749 21.1973 13.5641 9.87689 8.58642 3.57753
threshold=0.46721801576569649 4.0810892711446511 1.4249938120407826 1.0000000180025095e-35 -1.1518575233569945 1.0000000180025095e-35
decision_type=2 2 2 2 2 2
left_child=2 3 4 -2 -1 -4
right_child=1 -3 5 -5 -6 -7
leaf_value=-0.0022909563116395339 -0.00071713566823093785 0.012303419188838484 0.0007577202540583846 0.0042165412905395099 -0.00054073937879049229 0.0039523408003442366
leaf_weight=1253 181 108 256 870 5956 262
leaf_count=1253 181 108 256 870 5956 262
internal_value=9.55707e-07 0.00420124 -0.000629134 0.0033669 -0.00084499 0.00237426
internal_weight=8886 1159 7727 1051 7209 518
internal_count=8886 1159 7727 1051 7209 518
is_linear=0
shrinkage=0.0192184


Tree=120
num_leaves=7
num_cat=0
split_feature=2 5 10 7 7 5
split_gain=62.0715 19.829 17.4887 24.2744 9.88257 5.51284
threshold=0.93372362446409296 4.0872626485473722 1.0000000180025095e-35 -0.20053048526225287 1.2278740239036916 0.16156077488922846
decision_type=2 2 2 2 2 2
left_child=2 4 5 -4 -2 -1
right_child=1 -3 3 -5 -6 -7
leaf_value=-0.0013044436998851364 0.0046452153163015373 0.011314529959349565 -0.001321105490599722 0.0018901477682961177 0.00016290898684960295 -0.0064233307592600122
leaf_weight=4265 651 134 1597 1908 252 79
leaf_count=4265 651 134 1597 1908 252 79
internal_value=9.43519e-07 0.0044196 -0.000582923 0.000426995 0.00339459 -0.00139777
internal_weight=8886 1037 7849 3505 903 4344
internal_count=8886 1037 7849 3505 903 4344
is_linear=0
shrinkage=0.0192184


Tree=121
num_leaves=7
num_cat=0
split_feature=2 7 1 6 9 9
split_gain=59.853 20.0155 17.0424 11.2159 10.1471 4.41156
threshold=1.7703691223975022 -0.20053048526225287 0.30288463782390557 4.3871383114319267 1.1113124792405282 -1.1967135652468945
decision_type=2 2 2 2 2 2
left_child=1 5 -3 4 -2 -1
right_child=3 2 -4 -5 -6 -7
leaf_value=-0.0023239719765807804 0.0070921566856896176 -5.8497324000636683e-05 0.0029992495053069953 0.01235572973085107 0.00052108070231996785 -0.0009318911492606272
leaf_weight=1153 279 3279 847 96 126 3106
leaf_count=1153 279 3279 847 96 126 3106
internal_value=9.28507e-07 -0.000384667 0.0005693 0.00645251 0.00504885 -0.00130883
internal_weight=8886 8385 4126 501 405 4259
internal_count=8886 8385 4126 501 405 4259
is_linear=0
shrinkage=0.0192184


Tree=122
num_leaves=7
num_cat=0
split_feature=1 1 0 9 9 9
split_gain=57.8367 20.5145 11.4661 10.256 9.05016 4.33929
threshold=2.0283851062127103 -0.19011549600146707 1.1787824169752736 -0.062407660193979995 0.96391723587267608 -1.1518575233569945
decision_type=2 2 2 2 2 2
left_child=1 5 4 -3 -2 -1
right_child=2 3 -4 -5 -6 -7
leaf_value=-0.0021601812791098205 0.011432138908040535 -0.00076820805348435002 0.00090227606312751475 0.001525617084197075 0.0040435542069677966 -0.00079874293930787071
leaf_weight=1103 203 1032 78 2380 88 4002
leaf_count=1103 203 1032 78 2380 88 4002
internal_value=9.17533e-07 -0.000321871 0.00744819 0.000831818 0.00920128 -0.00109296
internal_weight=8886 8517 369 3412 291 5105
internal_count=8886 8517 369 3412 291 5105
is_linear=0
shrinkage=0.0192184


Tree=123
num_leaves=7
num_cat=0
split_feature=2 5 10 0 0 5
split_gain=56.0843 17.9454 16.4632 22.3609 9.2846 5.47877
threshold=0.93372362446409296 4.0872626485473722 1.0000000180025095e-35 1.0000000180025095e-35 1.1787824169752736 0.16156077488922846
decision_type=2 2 2 2 2 2
left_child=2 4 5 -4 -2 -1
right_child=1 -3 3 -5 -6 -7
leaf_value=-0.0012516484302845649 0.0044381412923606752 0.010760337546129482 -0.0012520176859540405 0.0018300707195294398 9.3598980534683512e-05 -0.0063546646114627271
leaf_weight=4265 651 134 1597 1908 252 79
leaf_count=4265 651 134 1597 1908 252 79
internal_value=9.04861e-07 0.00420106 -0.000554089 0.00042577 0.00322595 -0.00134469
internal_weight=8886 1037 7849 3505 903 4344
internal_count=8886 1037 7849 3505 903 4344
is_linear=0
shrinkage=0.0192184


Tree=124
num_leaves=7
num_cat=0
split_feature=6 1 6 1 0 0
split_gain=54.0047 18.3387 10.263 9.11275 8.28032 6.37482
threshold=1.3629483427845817 0.46721801576569649 4.3871383114319267 -0.35444887394325797 -0.2332994770350407 1.3417149432072331
decision_type=2 2 2 2 2 2
left_child=1 3 5 -1 -3 -2
right_child=2 4 -4 -5 -6 -7
leaf_value=-0.0013946999676767106 0.0059635683064736284 -0.0032255840106215927 0.01177601427033316 -5.7340310799966374e-05 0.003205012415109205 -0.00015026245000471651
leaf_weight=3369 327 83 96 4263 670 78
leaf_count=3369 327 83 96 4263 670 78
internal_value=8.9036e-07 -0.000365382 0.00612917 -0.000647709 0.00249565 0.00478649
internal_weight=8886 8385 501 7632 753 405
internal_count=8886 8385 501 7632 753 405
is_linear=0
shrinkage=0.0192184


Tree=125
num_leaves=7
num_cat=0
split_feature=2 1 7 1 7 9
split_gain=52.1813 16.7038 14.5409 10.442 8.79023 4.03172
threshold=0.93372362446409296 4.2058023639414399 -0.20053048526225287 0.30288463782390557 1.2278740239036916 -1.1967135652468945
decision_type=2 2 2 2 2 2
left_child=2 4 5 -4 -2 -1
right_child=1 -3 3 -5 -6 -7
leaf_value=-0.0022878893882163336 0.0042909579537874819 0.010380547057169875 -0.00010007436968780137 0.0026986682953179211 6.3681842655169426e-05 -0.00094602874552305054
leaf_weight=1139 651 134 3105 585 252 3020
leaf_count=1139 651 134 3105 585 252 3020
internal_value=8.7886e-07 0.00405225 -0.000534456 0.000343727 0.00311148 -0.00131359
internal_weight=8886 1037 7849 3690 903 4159
internal_count=8886 1037 7849 3690 903 4159
is_linear=0
shrinkage=0.0192184


Tree=126
num_leaves=7
num_cat=0
split_feature=5 2 0 10 0 4
split_gain=50.4966 18.2909 10.4599 9.61934 4.22436 3.25714
threshold=1.4925291837611192 -0.20285139159638782 1.1787824169752736 1.0000000180025095e-35 1.2874041011299133 -0.37063660319768149
decision_type=2 2 2 2 2 2
left_child=1 4 5 -3 -1 -2
right_child=2 3 -4 -5 -6 -7
leaf_value=-0.0012369131053387452 0.010735526172088816 -0.00018369601796586454 0.00070780577267458343 0.0017835744405757204 0.00099693421058947803 0.0066490040132145259
leaf_weight=4482 141 2008 78 1691 336 150
leaf_count=4482 141 2008 78 1691 336 150
internal_value=8.669e-07 -0.000300745 0.00695954 0.000715681 -0.0010811 0.00863394
internal_weight=8886 8517 369 3699 4818 291
internal_count=8886 8517 369 3699 4818 291
is_linear=0
shrinkage=0.0192184


Tree=127
num_leaves=7
num_cat=0
split_feature=6 0 10 0 5 5
split_gain=48.8169 16.652 22.5916 9.34694 8.36772 3.58654
threshold=1.3629483427845817 1.0000000180025095e-35 1.0000000180025095e-35 1.396025785284553 3.691792565550418 -0.42043372422464115
decision_type=2 2 2 2 2 2
left_child=1 5 -3 4 -2 -1
right_child=3 2 -4 -5 -6 -7
leaf_value=-0.0023764539502495164 0.0051219663684263297 -0.00093419581482219016 0.0019107111540259897 -0.00023934030572591423 0.010951515496944772 -0.00092804018480969217
leaf_weight=771 289 2013 2113 79 133 3488
leaf_count=771 289 2013 2113 79 133 3488
internal_value=8.57042e-07 -0.000347379 0.00052275 0.00582736 0.00696273 -0.00119032
internal_weight=8886 8385 4126 501 422 4259
internal_count=8886 8385 4126 501 422 4259
is_linear=0
shrinkage=0.0192184


Tree=128
num_leaves=7
num_cat=0
split_feature=6 1 9 6 9 0
split_gain=46.9601 16.1241 11.3439 9.07502 9.24746 7.77479
threshold=1.3629483427845817 0.46721801576569649 1.4249938120407826 4.3871383114319267 1.1113124792405282 -0.2332994770350407
decision_type=2 2 2 2 2 2
left_child=1 2 -1 4 -2 -3
right_child=3 5 -4 -5 -6 -7
leaf_value=-0.00080288802613642134 0.0064035389253880217 -0.0032017428986829081 0.0021746533153495957 0.011025384961964296 0.00013101067583309975 0.003029395618274271
leaf_weight=7126 279 83 506 96 126 670
leaf_count=7126 279 83 506 96 126 670
internal_value=8.45279e-07 -0.000340704 -0.000605436 0.00571547 0.00445292 0.00234202
internal_weight=8886 8385 7632 501 405 753
internal_count=8886 8385 7632 501 405 753
is_linear=0
shrinkage=0.0192184


Tree=129
num_leaves=7
num_cat=0
split_feature=2 1 0 1 0 1
split_gain=45.9743 14.2947 12.8986 9.11255 8.14584 3.45735
threshold=0.93372362446409296 4.2058023639414399 0.092565575428877972 -0.053171014383308048 1.1787824169752736 -0.61327394420157866
decision_type=2 2 2 2 2 2
left_child=2 4 5 -4 -2 -1
right_child=1 -3 3 -5 -6 -7
leaf_value=-0.0023511396440879747 0.0040687423535887019 0.0096578576552333369 -0.00036835403511665697 0.0016812368807702313 -5.8157557579879875e-07 -0.00094266507325184738
leaf_weight=784 651 134 2212 1256 252 3597
leaf_count=784 651 134 2212 1256 252 3597
internal_value=8.35605e-07 0.00380363 -0.000501652 0.000373986 0.00293332 -0.0011948
internal_weight=8886 1037 7849 3468 903 4381
internal_count=8886 1037 7849 3468 903 4381
is_linear=0
shrinkage=0.0192184


Tree=130
num_leaves=7
num_cat=0
split_feature=1 6 9 9 10 1
split_gain=44.0454 16.2736 9.97843 13.2349 8.76819 3.98455
threshold=2.0283851062127103 -0.24753209488441749 0.94922435560024809 0.30957875305241833 1.0000000180025095e-35 -0.95700459306315777
decision_type=2 2 2 2 2 2
left_child=1 5 3 -2 -3 -1
right_child=2 4 -4 -5 -6 -7
leaf_value=0.0031793622381070413 0.0053245232330863049 -0.00018079242118886944 0.0027196132008974866 0.015053261278878878 0.0016974264627311745 -0.0010896894528244266
leaf_weight=82 132 2008 152 85 1691 4736
leaf_count=82 132 2008 152 85 1691 4736
internal_value=8.23636e-07 -0.000280864 0.00649981 0.00914369 0.000677872 -0.00101693
internal_weight=8886 8517 369 217 3699 4818
internal_count=8886 8517 369 217 3699 4818
is_linear=0
shrinkage=0.0192184


Tree=131
num_leaves=7
num_cat=0
split_feature=6 10 0 0 3 6
split_gain=42.5024 14.963 20.6383 8.564 6.5425 4.81973
threshold=1.3629483427845817 1.0000000180025095e-35 1.0000000180025095e-35 1.396025785284553 -1.1843027479880452 0.56656804221768875
decision_type=2 2 2 2 2 2
left_child=1 5 -3 4 -2 -1
right_child=3 2 -4 -5 -6 -7
leaf_value=-0.0012147490083564852 0.0035912827874854522 -0.0010413079330913891 0.0018332971307508832 -0.00036933190885011678 0.0084798465986090851 0.0013395396597652102
leaf_weight=4344 169 1637 2113 79 253 291
leaf_count=4344 169 1637 2113 79 253 291
internal_value=8.17146e-07 -0.000324118 0.000578445 0.00543745 0.00652423 -0.00105434
internal_weight=8886 8385 3750 501 422 4635
internal_count=8886 8385 3750 501 422 4635
is_linear=0
shrinkage=0.0192184


Tree=132
num_leaves=7
num_cat=0
split_feature=2 10 7 6 7 1
split_gain=41.6058 13.4349 17.8738 13.2167 9.0626 5.6361
threshold=0.93372362446409296 1.0000000180025095e-35 -0.20053048526225287 4.3871383114319267 1.2278740239036916 0.41244022311843287
decision_type=2 2 2 2 2 2
left_child=1 5 -3 4 -2 -1
right_child=3 2 -4 -5 -6 -7
leaf_value=-0.0010970491855745474 0.0040863185098377495 -0.001092083499376835 0.0016634700413116347 0.010405947687610623 -0.00013621264356900178 -0.0062727276717761994
leaf_weight=4265 682 1597 1908 96 259 79
leaf_count=4265 682 1597 1908 96 259 79
internal_value=8.05853e-07 -0.000477212 0.000407951 0.00361841 0.00292429 -0.0011914
internal_weight=8886 7849 3505 1037 941 4344
internal_count=8886 7849 3505 1037 941 4344
is_linear=0
shrinkage=0.0192184


Tree=133
num_leaves=7
num_cat=0
split_feature=2 10 7 6 7 1
split_gain=40.0229 12.9235 17.1935 12.7342 8.49192 5.42207
threshold=0.93372362446409296 1.0000000180025095e-35 -0.20053048526225287 4.0810892711446511 1.2278740239036916 0.41244022311843287
decision_type=2 2 2 2 2 2
left_child=1 5 -3 4 -2 -1
right_child=3 2 -4 -5 -6 -7
leaf_value=-0.001075966445101107 0.0039638820089752096 -0.0010710975161410498 0.0016315034759091624 0.0097907462586034003 -0.00013359650092299445 -0.0061524217789958426
leaf_weight=4265 670 1597 1908 108 259 79
leaf_count=4265 670 1597 1908 108 259 79
internal_value=7.92992e-07 -0.000468044 0.000400111 0.00354892 0.0028217 -0.00116851
internal_weight=8886 7849 3505 1037 929 4344
internal_count=8886 7849 3505 1037 929 4344
is_linear=0
shrinkage=0.0192184


Tree=134
num_leaves=7
num_cat=0
split_feature=1 6 9 1 0 1
split_gain=38.5003 12.9631 10.7625 6.18285 5.93136 3.14315
threshold=0.46721801576569649 4.0810892711446511 1.4249938120407826 -0.35444887394325797 1.396025785284553 -0.11479603111147961
decision_type=2 2 2 2 2 2
left_child=2 4 3 -1 -2 -4
right_child=1 -3 5 -5 -6 -7
leaf_value=-0.0012989741930932433 0.003307700770514952 0.0096028647897421458 0.0006173700795605771 -0.00016847902599898391 -0.0003913441726220484 0.003614750206763947
leaf_weight=3271 854 108 247 3938 197 271
leaf_count=3271 854 108 247 3938 197 271
internal_value=7.80176e-07 0.00326686 -0.000489168 -0.000681446 0.00261439 0.00218614
internal_weight=8886 1159 7727 7209 1051 518
internal_count=8886 1159 7727 7209 1051 518
is_linear=0
shrinkage=0.0192184


Tree=135
num_leaves=7
num_cat=0
split_feature=2 10 0 1 0 1
split_gain=37.4284 12.2706 16.2935 11.9311 6.93521 5.33195
threshold=0.93372362446409296 1.0000000180025095e-35 1.0000000180025095e-35 4.2058023639414399 1.1787824169752736 0.41244022311843287
decision_type=2 2 2 2 2 2
left_child=1 5 -3 4 -2 -1
right_child=3 2 -4 -5 -6 -7
leaf_value=-0.0010433877287994839 0.0036845295367580943 -0.0010388634404018362 0.0015920569757123363 0.0087803097918271959 -7.0204762329263687e-05 -0.0060774662376628843
leaf_weight=4265 651 1597 1908 134 252 79
leaf_count=4265 651 1597 1908 134 252 79
internal_value=7.70518e-07 -0.000452615 0.000393325 0.00343196 0.00263687 -0.00113516
internal_weight=8886 7849 3505 1037 903 4344
internal_count=8886 7849 3505 1037 903 4344
is_linear=0
shrinkage=0.0192184


Tree=136
num_leaves=7
num_cat=0
split_feature=5 2 9 9 10 5
split_gain=36.1947 13.8324 9.11878 13.0622 7.28712 3.79618
threshold=1.4925291837611192 -0.20285139159638782 0.94922435560024809 0.30957875305241833 1.0000000180025095e-35 -0.56978053233671455
decision_type=2 2 2 2 2 2
left_child=1 5 3 -2 -3 -1
right_child=2 4 -4 -5 -6 -7
leaf_value=0.0031626619228587137 0.0046265402882317685 -0.00015348037988585837 0.0022789300723360041 0.01428973521194463 0.001558779142079371 -0.0010042322457787948
leaf_weight=82 132 2008 152 85 1691 4736
leaf_count=82 132 2008 152 85 1691 4736
internal_value=7.57736e-07 -0.000254594 0.00589215 0.00841949 0.000629313 -0.00093321
internal_weight=8886 8517 369 217 3699 4818
internal_count=8886 8517 369 217 3699 4818
is_linear=0
shrinkage=0.0192184


Tree=137
num_leaves=7
num_cat=0
split_feature=6 1 0 1 0 1
split_gain=35.2023 13.7628 8.23652 6.93593 6.56804 1.91179
threshold=1.6601075733289876 0.46721801576569649 -0.2332994770350407 -0.35444887394325797 0.038254733351558184 3.096552062834351
decision_type=2 2 2 2 2 2
left_child=1 3 -3 -1 -2 -6
right_child=4 2 -4 -5 5 -7
leaf_value=-0.0011666513533760087 0.0092925138361788923 -0.0033685315776658298 0.0027909436561110719 -2.320357798709794e-06 0.0022360542031053142 0.0054391179939540972
leaf_weight=3371 122 90 726 4300 130 147
leaf_count=3371 122 90 726 4300 130 147
internal_value=7.51836e-07 -0.00026157 0.00211105 -0.000513997 0.00557837 0.00393806
internal_weight=8886 8487 816 7671 399 277
internal_count=8886 8487 816 7671 399 277
is_linear=0
shrinkage=0.0192184


Tree=138
num_leaves=7
num_cat=0
split_feature=6 5 0 5 0 5
split_gain=33.8638 13.2389 7.93802 6.67191 6.31837 1.83908
threshold=1.6601075733289876 0.19838253622816648 -0.2876103191123604 -0.29281684922209378 0.038254733351558184 2.6504498683958659
decision_type=2 2 2 2 2 2
left_child=1 3 -3 -1 -2 -6
right_child=4 2 -4 -5 5 -7
leaf_value=-0.0011442312519656212 0.0091141626198751151 -0.0037137788152652425 0.0026911848490939064 -2.2757663157422708e-06 0.0021931342001039141 0.0053347016728272035
leaf_weight=3371 122 79 737 4300 130 147
leaf_count=3371 122 79 737 4300 130 147
internal_value=7.42702e-07 -0.000256544 0.00207048 -0.000504119 0.00547129 0.00386247
internal_weight=8886 8487 816 7671 399 277
internal_count=8886 8487 816 7671 399 277
is_linear=0
shrinkage=0.0192184


Tree=139
num_leaves=8
num_cat=0
split_feature=2 0 1 9 9 9 1
split_gain=32.8779 10.826 13.8777 10.2199 7.07777 3.80259 2.2593
threshold=0.93372362446409296 1.4503366273618725 2.7404964106271374 1.4249938120407826 -0.85123652857667664 1.2478241075917664 -0.11479603111147961
decision_type=2 2 2 2 2 2 2
left_child=3 2 -2 4 -1 -3 -5
right_child=1 5 -4 6 -6 -7 -8
leaf_value=-0.0015857410567367155 0.0026061530154586434 -0.0038971579454124962 0.0080808518908204244 0.00063254948182654995 -0.0002464932922259982 0.0017835148075468921 0.003106296621597305
leaf_weight=2014 628 90 235 234 5274 84 327
leaf_count=2014 628 90 235 234 5274 84 327
internal_value=7.33487e-07 0.00321659 0.00409818 -0.000424198 -0.000616615 -0.00115564 0.00207495
internal_weight=8886 1037 863 7849 7288 174 561
internal_count=8886 1037 863 7849 7288 174 561
is_linear=0
shrinkage=0.0192184


Tree=140
num_leaves=8
num_cat=0
split_feature=2 10 0 0 1 1 9
split_gain=31.6267 11.2314 14.8346 10.4142 13.3499 5.30493 3.6581
threshold=0.93372362446409296 1.0000000180025095e-35 1.0000000180025095e-35 1.4503366273618725 2.7404964106271374 0.41244022311843287 1.2478241075917664
decision_type=2 2 2 2 2 2 2
left_child=1 5 -3 4 -2 -1 -5
right_child=3 2 -4 6 -6 -7 -8
leaf_value=-0.00097751227174445532 0.0025560798018418791 -0.00097328474604030791 0.0015370867374900376 -0.0038223949373210578 0.0079256573923291076 -0.0059987927627808474 0.0017493042790283518
leaf_weight=4265 628 1597 1908 90 235 79 84
leaf_count=4265 628 1597 1908 90 235 79 84
internal_value=7.23059e-07 -0.000416045 0.000393281 0.0031548 0.00401946 -0.00106905 -0.00113347
internal_weight=8886 7849 3505 1037 863 4344 174
internal_count=8886 7849 3505 1037 863 4344 174
is_linear=0
shrinkage=0.0192184


Tree=141
num_leaves=7
num_cat=0
split_feature=1 9 9 1 10 0
split_gain=30.1476 12.7992 9.05345 7.63002 4.01664 3.74051
threshold=1.8325544974987424 1.4249938120407826 1.4543018324783774 -0.35444887394325797 1.0000000180025095e-35 0.63567399620207587
decision_type=2 2 2 2 2 2
left_child=1 3 5 -1 -3 -2
right_child=2 4 -4 -5 -6 -7
leaf_value=-0.0011742405101455012 0.0081205077315786838 0.00055436545057542823 -0.00076636233157093838 4.4018142190182193e-05 0.0035637789911699695 0.0039996725055374983
leaf_weight=3271 198 283 80 4526 389 139
leaf_count=3271 198 283 80 4526 389 139
internal_value=7.09863e-07 -0.000247726 0.00504443 -0.00046708 0.00229686 0.00642355
internal_weight=8886 8469 417 7797 672 337
internal_count=8886 8469 417 7797 672 337
is_linear=0
shrinkage=0.0192184


Tree=142
num_leaves=7
num_cat=0
split_feature=2 6 9 9 3 3
split_gain=29.6173 9.94778 9.2757 6.60283 4.63023 2.62636
threshold=0.93372362446409296 4.3871383114319267 1.4249938120407826 -1.1967135652468945 -1.1641657429909971 -0.07782661896115127
decision_type=2 2 2 2 2 2
left_child=2 4 3 -1 -2 -4
right_child=1 -3 5 -5 -6 -7
leaf_value=-0.00192987718363114 0.0010687119163846511 0.0089414934972880111 -0.00039192601142292452 -0.00033693229935004163 0.0037660371014346214 0.0027074755584633845
leaf_weight=1139 459 96 132 6149 482 429
leaf_count=1139 459 96 132 6149 482 429
internal_value=7.01237e-07 0.00305293 -0.00040261 -0.000585922 0.00245075 0.0019783
internal_weight=8886 1037 7849 7288 941 561
internal_count=8886 1037 7849 7288 941 561
is_linear=0
shrinkage=0.0192184


Tree=143
num_leaves=7
num_cat=0
split_feature=6 9 10 0 9 9
split_gain=28.464 11.7886 16.0853 5.83585 3.36237 2.28015
threshold=1.6601075733289876 -0.062407660193979995 1.0000000180025095e-35 0.038254733351558184 -1.1967135652468945 0.97930977711045852
decision_type=2 2 2 2 2 2
left_child=1 4 -3 -2 -1 -5
right_child=3 2 -4 5 -6 -7
leaf_value=-0.0018198808304638102 0.0085169369326766227 -0.00073761464119877413 0.0016669557252966983 0.0051089879279701891 -0.00061076991074945095 0.0016130943959083604
leaf_weight=1154 122 1991 2123 147 3219 130
leaf_count=1154 122 1991 2123 147 3219 130
internal_value=6.92588e-07 -0.00023519 0.000503263 0.00501615 -0.000929901 0.00347022
internal_weight=8886 8487 4114 399 4373 277
internal_count=8886 8487 4114 399 4373 277
is_linear=0
shrinkage=0.0192184


Tree=144
num_leaves=8
num_cat=0
split_feature=6 0 1 10 0 1 9
split_gain=27.482 10.1004 11.745 9.96045 12.9267 4.28446 3.29947
threshold=0.4988518091559222 1.4503366273618725 3.9182189525433055 1.0000000180025095e-35 1.0000000180025095e-35 -0.54617114820868051 1.2478241075917664
decision_type=2 2 2 2 2 2 2
left_child=3 2 -2 5 -5 -1 -3
right_child=1 6 -4 4 -6 -7 -8
leaf_value=-0.002202014369462942 0.0027505313144659893 -0.0035532961850343898 0.0088634354670509615 -0.00091305824708506087 0.0014394604936788064 -0.00071112144134389166 0.001476736345253791
leaf_weight=901 790 102 136 1594 1880 3392 91
leaf_count=901 790 102 136 1594 1880 3392 91
internal_value=6.8407e-07 0.00281625 0.00364971 -0.000405007 0.000360045 -0.0010241 -0.00118236
internal_weight=8886 1119 926 7767 3474 4293 193
internal_count=8886 1119 926 7767 3474 4293 193
is_linear=0
shrinkage=0.0192184


Tree=145
num_leaves=8
num_cat=0
split_feature=2 10 7 7 1 1 1
split_gain=26.7025 9.81225 12.8979 9.397 11.6171 5.16871 1.91413
threshold=0.93372362446409296 1.0000000180025095e-35 -0.20053048526225287 1.6261686349392679 3.9182189525433055 0.41244022311843287 0.49460691208932833
decision_type=2 2 2 2 2 2 2
left_child=1 5 -3 4 -2 -1 -5
right_child=3 2 -4 6 -6 -7 -8
leaf_value=-0.00090228165189481005 0.0027587418935359903 -0.00090005214880130042 0.0014407189954012255 0.0010605708416435448 0.0088953173632729272 -0.0058586445819591212 -0.0029893838095072824
leaf_weight=4265 728 1597 1908 78 135 79 96
leaf_count=4265 728 1597 1908 78 135 79 96
internal_value=6.73415e-07 -0.000382278 0.000374189 0.00289882 0.00372018 -0.000992633 -0.00117457
internal_weight=8886 7849 3505 1037 863 4344 174
internal_count=8886 7849 3505 1037 863 4344 174
is_linear=0
shrinkage=0.0192184


Tree=146
num_leaves=7
num_cat=0
split_feature=1 6 9 7 1 1
split_gain=25.709 9.257 8.53665 5.18419 4.89902 2.78143
threshold=0.46721801576569649 4.3871383114319267 1.4249938120407826 -0.63265285778304259 -0.49139335556141706 -0.11479603111147961
decision_type=2 2 2 2 2 2
left_child=2 3 4 -2 -1 -4
right_child=1 -3 5 -5 -6 -7
leaf_value=-0.0014245280392429255 -0.00251669067597765 0.0083803570762127737 0.00050725218769809852 0.0025381519687936371 -0.00027689428400131099 0.0033268257752600847
leaf_weight=1847 81 96 247 982 5362 271
leaf_count=1847 81 96 247 982 5362 271
internal_value=6.61699e-07 0.00266959 -0.000399707 0.00215265 -0.000570952 0.00198294
internal_weight=8886 1159 7727 1063 7209 518
internal_count=8886 1159 7727 1063 7209 518
is_linear=0
shrinkage=0.0192184


Tree=147
num_leaves=8
num_cat=0
split_feature=2 0 1 9 9 9 3
split_gain=24.9843 9.02561 10.8915 8.17729 5.81278 3.38067 2.33768
threshold=0.93372362446409296 1.4503366273618725 3.9182189525433055 1.4249938120407826 -1.1967135652468945 1.2478241075917664 -0.07782661896115127
decision_type=2 2 2 2 2 2 2
left_child=3 2 -2 4 -1 -3 -5
right_child=1 5 -4 6 -6 -7 -8
leaf_value=-0.0018028798007326484 0.0026780384401119185 -0.003772955392902266 0.0086199016099209099 -0.00037044443614872493 -0.00030827108615162147 0.0015833785185831077 0.0025536594855796019
leaf_weight=1139 728 90 135 132 6149 84 429
leaf_count=1139 728 90 135 132 6149 84 429
internal_value=6.5266e-07 0.00280401 0.00360897 -0.000369773 -0.00054189 -0.00118806 0.00186572
internal_weight=8886 1037 863 7849 7288 174 561
internal_count=8886 1037 863 7849 7288 174 561
is_linear=0
shrinkage=0.0192184


Tree=148
num_leaves=8
num_cat=0
split_feature=6 9 1 10 9 1 4
split_gain=24.1056 10.1527 7.13694 7.01439 5.4705 6.81237 1.7998
threshold=1.3629483427845817 0.99571293974263997 -0.49139335556141706 1.0000000180025095e-35 0.96391723587267608 2.0283851062127103 -0.50132785308169558
decision_type=2 2 2 2 2 2 2
left_child=1 2 -1 -3 5 -2 -6
right_child=4 3 -4 -5 6 -7 -8
leaf_value=-0.0015834329000434144 0.0021620427235513181 -0.00038450639606600384 -0.00017742316599808926 0.0024802074198464535 0.0032141015777691607 0.007927723247647853 -0.00058720711422602747
leaf_weight=1782 126 533 5296 774 100 190 85
leaf_count=1782 126 533 5296 774 100 190 85
internal_value=6.43325e-07 -0.000244064 -0.000531437 0.00131206 0.00409496 0.00563104 0.00146855
internal_weight=8886 8385 7078 1307 501 316 185
internal_count=8886 8385 7078 1307 501 316 185
is_linear=0
shrinkage=0.0192184


Tree=149
num_leaves=8
num_cat=0
split_feature=2 10 0 0 1 1 9
split_gain=23.324 9.06342 11.7652 8.60616 10.1806 5.06176 3.25171
threshold=0.93372362446409296 1.0000000180025095e-35 1.0000000180025095e-35 1.4503366273618725 2.7404964106271374 0.41244022311843287 1.2478241075917664
decision_type=2 2 2 2 2 2 2
left_child=1 5 -3 4 -2 -1 -5
right_child=3 2 -4 6 -6 -7 -8
leaf_value=-0.00085446360192929186 0.0022173666846511818 -0.00084724651240831875 0.0013883803771702946 -0.0037240352211305784 0.0069064307844939289 -0.0057592671774864311 0.0015291556663696718
leaf_weight=4265 628 1597 1908 90 235 79 84
leaf_count=4265 628 1597 1908 90 235 79 84
internal_value=6.35518e-07 -0.000357271 0.000369758 0.00270925 0.00349528 -0.000943874 -0.00118893
internal_weight=8886 7849 3505 1037 863 4344 174
internal_count=8886 7849 3505 1037 863 4344 174
is_linear=0
shrinkage=0.0192184


Tree=150
num_leaves=7
num_cat=0
split_feature=1 2 9 10 2 1
split_gain=22.5164 8.04617 7.62115 5.98668 4.52577 2.65161
threshold=0.46721801576569649 4.1708576516882028 1.4249938120407826 1.0000000180025095e-35 1.4420252288689188 -0.11479603111147961
decision_type=2 2 2 2 2 2
left_child=2 3 4 -2 -1 -4
right_child=1 -3 5 -5 -6 -7
leaf_value=-0.00060560426680482502 -0.0010721337066756185 0.0081143137765942591 0.00043640660343731235 0.0027036502790166901 0.0027883861467272193 0.0031893414373371518
leaf_weight=7061 188 87 247 884 148 271
leaf_count=7061 188 87 247 884 148 271
internal_value=6.23595e-07 0.00249834 -0.000374063 0.00204142 -0.000535865 0.0018772
internal_weight=8886 1159 7727 1072 7209 518
internal_count=8886 1159 7727 1072 7209 518
is_linear=0
shrinkage=0.0192184


Tree=151
num_leaves=7
num_cat=0
split_feature=6 9 1 10 0 3
split_gain=21.6886 9.27718 6.74911 6.47847 5.51303 4.10528
threshold=1.3629483427845817 0.99571293974263997 -0.49139335556141706 1.0000000180025095e-35 1.396025785284553 -1.1843027479880452
decision_type=2 2 2 2 2 2
left_child=1 2 -1 -3 5 -2
right_child=4 3 -4 -5 -6 -7
leaf_value=-0.0015292152529170506 0.0024336037284170141 -0.00037444583696201445 -0.00016194143788768819 0.0023786571802249449 -0.00077385982500666759 0.0063051720253105023
leaf_weight=1782 169 533 5296 774 79 253
leaf_count=1782 169 533 5296 774 79 253
internal_value=6.17046e-07 -0.000231499 -0.000506202 0.00125602 0.00388426 0.00475624
internal_weight=8886 8385 7078 1307 501 422
internal_count=8886 8385 7078 1307 501 422
is_linear=0
shrinkage=0.0192184


Tree=152
num_leaves=8
num_cat=0
split_feature=2 10 7 7 1 1 1
split_gain=21.0825 8.43362 10.9281 8.09394 9.33933 4.86679 1.95547
threshold=0.93372362446409296 1.0000000180025095e-35 -0.20053048526225287 1.6261686349392679 3.9182189525433055 0.41244022311843287 0.49460691208932833
decision_type=2 2 2 2 2 2 2
left_child=1 5 -3 4 -2 -1 -5
right_child=3 2 -4 6 -6 -7 -8
leaf_value=-0.00081785064174524978 0.0024760198716803172 -0.00081126484601713419 0.0013433652964229006 0.0010545981046940097 0.0079782090796099072 -0.0056272538584903062 -0.0030388727127101714
leaf_weight=4265 728 1597 1908 78 135 79 96
leaf_count=4265 728 1597 1908 78 135 79 96
internal_value=6.08076e-07 -0.000339666 0.000361648 0.00257578 0.00333807 -0.000905521 -0.00120458
internal_weight=8886 7849 3505 1037 863 4344 174
internal_count=8886 7849 3505 1037 863 4344 174
is_linear=0
shrinkage=0.0192184


Tree=153
num_leaves=7
num_cat=0
split_feature=1 6 9 10 9 1
split_gain=20.3892 7.38443 7.05844 6.15582 4.28824 2.53706
threshold=0.46721801576569649 4.3871383114319267 1.4249938120407826 1.0000000180025095e-35 -1.1967135652468945 -0.11479603111147961
decision_type=2 2 2 2 2 2
left_child=2 3 4 -2 -1 -4
right_child=1 -3 5 -5 -6 -7
leaf_value=-0.0015908319240055895 -0.0012694829091143142 0.0074779631968712396 0.0004012979678774067 0.0025869536888501951 -0.00030807157797825075 0.0030940907175832401
leaf_weight=1144 185 96 247 878 6065 271
leaf_count=1144 185 96 247 878 6065 271
internal_value=5.97281e-07 0.0023774 -0.00035595 0.0019157 -0.000511665 0.00181061
internal_weight=8886 1159 7727 1063 7209 518
internal_count=8886 1159 7727 1063 7209 518
is_linear=0
shrinkage=0.0192184


Tree=154
num_leaves=8
num_cat=0
split_feature=2 10 9 7 1 1 9
split_gain=19.7536 7.99036 10.4303 7.76197 8.71658 4.66163 3.08962
threshold=0.93372362446409296 1.0000000180025095e-35 -0.85123652857667664 1.6261686349392679 3.9182189525433055 0.41244022311843287 1.2478241075917664
decision_type=2 2 2 2 2 2 2
left_child=1 5 -3 4 -2 -1 -5
right_child=3 2 -4 6 -6 -7 -8
leaf_value=-0.00079376764014757982 0.0024069572805444665 -0.0016811673230397114 0.00089389400250187686 -0.0036798082278847728 0.0077225524856017677 -0.0055007075165061673 0.0014408214006679531
leaf_weight=4265 728 735 2770 90 135 79 84
leaf_count=4265 728 735 2770 90 135 79 84
internal_value=5.8943e-07 -0.000328786 0.000353849 0.00249328 0.00323977 -0.00087957 -0.00120872
internal_weight=8886 7849 3505 1037 863 4344 174
internal_count=8886 7849 3505 1037 863 4344 174
is_linear=0
shrinkage=0.0192184


Tree=155
num_leaves=8
num_cat=0
split_feature=1 0 1 9 2 1 9
split_gain=19.0412 7.08598 8.85385 6.71207 4.06744 2.42927 1.81999
threshold=0.46721801576569649 1.4503366273618725 2.0283851062127103 1.4249938120407826 1.4420252288689188 -0.11479603111147961 1.2050670485979276
decision_type=2 2 2 2 2 2 2
left_child=3 2 -2 4 -1 -5 -3
right_child=1 6 -4 5 -6 -7 -8
leaf_value=-0.00056194209362302541 0.0016588130550148144 -0.0033173336451897649 0.0055498093806855969 0.00038970381616978869 0.0026556032542830732 0.0030246700979599779 0.00051187910808776012
leaf_weight=7061 648 80 324 247 148 271 107
leaf_count=7061 648 80 324 247 148 271 107
internal_value=5.7838e-07 0.00229748 0.00295652 -0.000343982 -0.000495828 0.00176875 -0.00112772
internal_weight=8886 1159 972 7727 7209 518 187
internal_count=8886 1159 972 7727 7209 518 187
is_linear=0
shrinkage=0.0192184


Tree=156
num_leaves=7
num_cat=0
split_feature=6 6 3 0 0 9
split_gain=18.3505 8.42675 6.30802 5.11475 4.76286 1.90226
threshold=1.6601075733289876 -0.30825995602790585 -0.077826597762448824 0.038254733351558184 1.2874041011299133 0.97930977711045852
decision_type=2 2 2 2 2 2
left_child=1 4 -3 -2 -1 -5
right_child=3 2 -4 5 -6 -7
leaf_value=-0.0010066658548060548 0.0073044469932406018 -0.00019389242207461279 0.0012804525484269506 0.0040775615053580154 0.0017175383554098379 0.00088571240610739064
leaf_weight=3726 122 2753 1755 147 253 130
leaf_count=3726 122 2753 1755 147 253 130
internal_value=5.70742e-07 -0.000188826 0.000380107 0.00402762 -0.000833387 0.00258098
internal_weight=8886 8487 4508 399 3979 277
internal_count=8886 8487 4508 399 3979 277
is_linear=0
shrinkage=0.0192184


Tree=157
num_leaves=7
num_cat=0
split_feature=2 6 3 9 1 1
split_gain=17.774 8.11963 5.35568 5.07162 3.42594 1.42582
threshold=0.28545491159996683 4.3871383114319267 -0.077826591922194363 1.4249938120407826 -0.49139335556141706 -0.11479603111147961
decision_type=2 2 2 2 2 2
left_child=3 2 -2 4 -1 -5
right_child=1 -3 -4 5 -6 -7
leaf_value=-0.0013161593121362835 0.00037793745085849795 0.0070283615207509765 0.002404534729327694 0.0005662249157443761 -0.00032400115668298281 0.0029088450492695006
leaf_weight=1770 1051 96 889 203 4695 182
leaf_count=1770 1051 96 889 203 4695 182
internal_value=5.64693e-07 0.00157706 0.00130674 -0.000468038 -0.000595663 0.00167441
internal_weight=8886 2036 1940 6850 6465 385
internal_count=8886 2036 1940 6850 6465 385
is_linear=0
shrinkage=0.0192184


Tree=158
num_leaves=8
num_cat=0
split_feature=2 0 2 9 3 9 2
split_gain=17.1937 7.16108 7.16211 6.46621 5.48375 2.92467 1.28559
threshold=0.93372362446409296 1.4503366273618725 4.1708576516882028 -0.85123652857667664 1.0000000180025095e-35 1.2478241075917664 -0.19337993312921714
decision_type=2 2 2 2 2 2 2
left_child=3 2 -2 6 -5 -3 -1
right_child=1 5 -4 4 -6 -7 -8
leaf_value=-0.0010324242157032757 0.0024709114383371306 -0.0036338375385061138 0.0084055564856672753 0.00035738794806502663 -0.0010033964727947692 0.0013482785261020847 -0.0023523979396476847
leaf_weight=1689 780 90 83 4377 1458 84 325
leaf_count=1689 780 90 83 4377 1458 84 325
internal_value=5.57922e-07 0.00232613 0.00304315 -0.000306735 1.7348e-05 -0.00122965 -0.0012456
internal_weight=8886 1037 863 7849 5835 174 2014
internal_count=8886 1037 863 7849 5835 174 2014
is_linear=0
shrinkage=0.0192184


Tree=159
num_leaves=7
num_cat=0
split_feature=2 10 0 0 5 4
split_gain=16.6228 7.94445 10.9171 4.85088 4.45852 1.13589
threshold=2.0397794965748015 1.0000000180025095e-35 1.0000000180025095e-35 0.038254733351558184 -0.38858253681506305 -0.81716504030139703
decision_type=2 2 2 2 2 2
left_child=1 4 -3 -2 -1 -5
right_child=3 2 -4 5 -6 -7
leaf_value=-0.0019130422765252816 0.0070244545805219589 -0.00070738982242864309 0.0013727673843367473 0.0037808689464205658 -0.0004171905062010191 0.0013063759670217858
leaf_weight=914 122 1641 2156 125 3776 152
leaf_count=914 122 1641 2156 125 3776 152
internal_value=5.48788e-07 -0.000179712 0.000473766 0.00383334 -0.000708762 0.00242458
internal_weight=8886 8487 3797 399 4690 277
internal_count=8886 8487 3797 399 4690 277
is_linear=0
shrinkage=0.0192184


Tree=160
num_leaves=7
num_cat=0
split_feature=2 6 3 9 9 1
split_gain=16.1953 7.29041 4.99412 4.74685 3.22064 1.36172
threshold=0.28545491159996683 4.3871383114319267 -0.077826591922194363 1.4249938120407826 -1.2431244092820251 -0.11479603111147961
decision_type=2 2 2 2 2 2
left_child=3 2 -2 4 -1 -5
right_child=1 -3 -4 5 -6 -7
leaf_value=-0.001570553128462213 0.00035234684127930779 0.0066708482377530543 0.0023093397307787119 0.00054296684079196457 -0.00038628739999566769 0.0028323184414914258
leaf_weight=1004 1051 96 889 203 5461 182
leaf_count=1004 1051 96 889 203 5461 182
internal_value=5.41899e-07 0.0015054 0.00124925 -0.000446765 -0.000570236 0.00162595
internal_weight=8886 2036 1940 6850 6465 385
internal_count=8886 2036 1940 6850 6465 385
is_linear=0
shrinkage=0.0192184


Tree=161
num_leaves=8
num_cat=0
split_feature=1 0 1 9 3 1 9
split_gain=15.2639 6.54618 7.70908 5.8328 3.57247 2.19309 1.70874
threshold=0.46721801576569649 1.4503366273618725 2.0283851062127103 1.4249938120407826 -1.8672092904575897 -0.11479603111147961 1.2050670485979276
decision_type=2 2 2 2 2 2 2
left_child=3 2 -2 4 -1 -5 -3
right_child=1 6 -4 5 -6 -7 -8
leaf_value=0.0021710113707506546 0.0014795940731845596 -0.003356635202988169 0.0051103028679075416 0.00035124996599765105 -0.00051934782641412255 0.0028548377089380834 0.00035385873890749896
leaf_weight=187 648 80 324 247 7022 271 107
leaf_count=187 648 80 324 247 7022 271 107
internal_value=5.35242e-07 0.00205703 0.00269048 -0.000307962 -0.000449513 0.00166153 -0.00123503
internal_weight=8886 1159 972 7727 7209 518 187
internal_count=8886 1159 972 7727 7209 518 187
is_linear=0
shrinkage=0.0192184


Tree=162
num_leaves=8
num_cat=0
split_feature=1 7 1 9 9 1 9
split_gain=14.683 6.29722 7.41578 5.61086 3.56389 2.10965 1.64382
threshold=0.46721801576569649 1.6261686349392679 2.0283851062127103 1.4249938120407826 -1.1967135652468945 -0.11479603111147961 1.2050670485979276
decision_type=2 2 2 2 2 2 2
left_child=3 2 -2 4 -1 -5 -3
right_child=1 6 -4 5 -6 -7 -8
leaf_value=-0.0014246819685805356 0.0014511656802993753 -0.0032922560384582864 0.0050121398805493414 0.00034450390801680499 -0.00025527090427682382 0.002800004985351697 0.00034706832558356956
leaf_weight=1144 648 80 324 247 6065 271 107
leaf_count=1144 648 80 324 247 6065 271 107
internal_value=5.27919e-07 0.00201751 0.00263879 -0.000302041 -0.000440873 0.00162962 -0.00121135
internal_weight=8886 1159 972 7727 7209 518 187
internal_count=8886 1159 972 7727 7209 518 187
is_linear=0
shrinkage=0.0192184


Tree=163
num_leaves=7
num_cat=0
split_feature=6 6 10 10 9 1
split_gain=14.5897 6.66506 4.59519 4.58758 6.31267 3.3983
threshold=0.058252880427069234 4.3871383114319267 1.0000000180025095e-35 1.0000000180025095e-35 -0.39871136420733805 -0.65572673350320787
decision_type=2 2 2 2 2 2
left_child=3 2 -2 5 -5 -1
right_child=1 -3 -4 4 -6 -7
leaf_value=-0.0025033686433801714 0.00033336504115406905 0.0063677749451944319 0.0022124783366785018 -0.00096040325043595775 0.00082137693840058626 -0.00066955823152799253
leaf_weight=420 1062 96 878 1205 1880 3345
leaf_count=420 1062 96 878 1205 1880 3345
internal_value=5.19523e-07 0.00142884 0.00118392 -0.000424037 0.0001254 -0.000874226
internal_weight=8886 2036 1940 6850 3085 3765
internal_count=8886 2036 1940 6850 3085 3765
is_linear=0
shrinkage=0.0192184


Tree=164
num_leaves=8
num_cat=0
split_feature=1 0 1 9 1 1 4
split_gain=13.5174 6.04479 7.01375 5.32484 3.43189 2.02309 1.60923
threshold=0.46721801576569649 1.4503366273618725 2.0283851062127103 1.4249938120407826 -0.49139335556141706 -0.11479603111147961 -0.076581290958649309
decision_type=2 2 2 2 2 2 2
left_child=3 2 -2 4 -1 -5 -3
right_child=1 6 -4 5 -6 -7 -8
leaf_value=-0.0011394677492353612 0.001389507647105506 -0.0031571227938723169 0.0048525991788089494 0.00033351064676739233 -0.00017892999558020598 0.0027381059153443648 0.00041761611585388469
leaf_weight=1847 648 86 324 247 5362 271 101
leaf_count=1847 648 86 324 247 5362 271 101
internal_value=5.11492e-07 0.00193578 0.00254449 -0.0002898 -0.000425047 0.00159198 -0.00122768
internal_weight=8886 1159 972 7727 7209 518 187
internal_count=8886 1159 972 7727 7209 518 187
is_linear=0
shrinkage=0.0192184


Tree=165
num_leaves=7
num_cat=0
split_feature=2 10 9 7 1 9
split_gain=13.6657 6.98073 9.90755 4.54421 4.00561 1.76387
threshold=2.0397794965748015 1.0000000180025095e-35 -0.062407660193979995 -0.14706079775336725 -0.65572673350320787 0.97930977711045852
decision_type=2 2 2 2 2 2
left_child=1 4 -3 -2 -1 -5
right_child=3 2 -4 5 -6 -7
leaf_value=-0.0023846868376925789 0.0065641421709652951 -0.00065589098693093445 0.0013213099655827616 0.0035534353131313435 -0.00047606439460725399 0.00048054118756217957
leaf_weight=449 122 1674 2123 147 4241 130
leaf_count=449 122 1674 2123 147 4241 130
internal_value=5.03496e-07 -0.000162939 0.000449621 0.0034757 -0.000658864 0.00211241
internal_weight=8886 8487 3797 399 4690 277
internal_count=8886 8487 3797 399 4690 277
is_linear=0
shrinkage=0.0192184


Tree=166
num_leaves=7
num_cat=0
split_feature=2 2 9 1 3 1
split_gain=13.327 5.87218 4.746 3.57765 3.41068 2.9624
threshold=0.38543141764232375 4.1708576516882028 0.86378797771983185 -0.49139335556141706 -0.077826590737627516 -0.54617114820868051
decision_type=2 2 2 2 2 2
left_child=2 4 3 -1 -2 -4
right_child=1 -3 5 -5 -6 -7
leaf_value=-0.0013306595293775399 0.00043424270575870435 0.00633023415961388 0.0039796625383920602 -0.00029089666002141585 0.0021401131313467537 0.00048711746115273586
leaf_weight=1706 942 87 99 4310 801 941
leaf_count=1706 942 87 99 4310 801 941
internal_value=4.96768e-07 0.00146187 -0.000378541 -0.000585778 0.00121831 0.000820149
internal_weight=8886 1830 7056 6016 1743 1040
internal_count=8886 1830 7056 6016 1743 1040
is_linear=0
shrinkage=0.0192184


Tree=167
num_leaves=8
num_cat=0
split_feature=2 0 10 9 1 1 9
split_gain=12.8671 6.46678 6.01978 8.14808 5.92247 3.71498 2.51111
threshold=0.86321387809737782 1.4503366273618725 1.0000000180025095e-35 -0.97499877933702461 3.9182189525433055 0.33027353414753741 1.2478241075917664
decision_type=2 2 2 2 2 2 2
left_child=2 4 5 -4 -2 -1 -3
right_child=1 6 3 -5 -6 -7 -8
leaf_value=-0.00067098583775447899 0.0019554495626041015 -0.0033405520755321375 -0.0016557882819417411 0.00075657563756029405 0.0062962899484607015 -0.0044162828127847081 0.0010478074456287019
leaf_weight=4193 790 102 632 2842 136 100 91
leaf_count=4193 790 102 632 2842 136 100 91
internal_value=4.9133e-07 0.00192705 -0.000277104 0.000317654 0.00259397 -0.000758391 -0.00127227
internal_weight=8886 1119 7767 3474 926 4293 193
internal_count=8886 1119 7767 3474 926 4293 193
is_linear=0
shrinkage=0.0192184


Tree=168
num_leaves=8
num_cat=0
split_feature=1 1 0 1 0 1 1
split_gain=11.711 5.80563 4.41641 4.44951 4.26723 4.17018 3.46265
threshold=1.8325544974987424 -0.29967108129599435 0.63567399620207587 3.096552062834351 -0.12467779288040114 3.096552062834351 -0.94057125526897867
decision_type=2 2 2 2 2 2 2
left_child=1 6 3 -2 -3 -4 -1
right_child=2 4 5 -5 -6 -7 -8
leaf_value=0.0028249653891757607 0.0084066737114549903 -0.00051255555209838311 -0.0012529252085390502 0.0027801239540791588 0.00074514988904787619 0.0043552140850668256 -0.00077651485123306793
leaf_weight=101 87 1501 117 129 2963 84 3904
leaf_count=101 87 1501 117 129 2963 84 3904
internal_value=4.81875e-07 -0.000154359 0.00314404 0.00505097 0.000322248 0.00109238 -0.00068558
internal_weight=8886 8469 417 216 4464 201 4005
internal_count=8886 8469 417 216 4464 201 4005
is_linear=0
shrinkage=0.0192184


Tree=169
num_leaves=7
num_cat=0
split_feature=2 6 9 3 1 1
split_gain=12.1557 5.5383 3.77564 3.69207 3.14329 1.13105
threshold=0.28545491159996683 4.3871383114319267 1.4249938120407826 -0.077826591922194363 -0.94057125526897867 -0.11479603111147961
decision_type=2 2 2 2 2 2
left_child=2 3 4 -2 -1 -4
right_child=1 -3 5 -5 -6 -7
leaf_value=0.002988577546752069 0.00030978753063282545 0.0058063668287133474 0.00047452043646600242 0.0019924424444173758 -0.00054867029043973098 0.0025609535891490437
leaf_weight=94 1051 96 203 889 6371 182
leaf_count=94 1051 96 203 889 6371 182
internal_value=4.78416e-07 0.00130422 -0.000387048 0.00108096 -0.000497166 0.0014615
internal_weight=8886 2036 6850 1940 6465 385
internal_count=8886 2036 6850 1940 6465 385
is_linear=0
shrinkage=0.0192184


Tree=170
num_leaves=7
num_cat=0
split_feature=2 2 9 3 1 1
split_gain=11.6931 5.32896 3.632 3.38839 3.0238 1.08803
threshold=0.28545491159996683 4.1708576516882028 1.4249938120407826 -0.077826591922194363 -0.94057125526897867 -0.11479603111147961
decision_type=2 2 2 2 2 2
left_child=2 3 4 -2 -1 -4
right_child=1 -3 5 -5 -6 -7
leaf_value=0.0029312404246572749 0.00033263911752844371 0.0059285625655336634 0.00046540818831890572 0.0019406329813541777 -0.00053812598661814935 0.0025117797548859259
leaf_weight=94 1054 87 203 895 6371 182
leaf_count=94 1054 87 203 895 6371 182
internal_value=4.7398e-07 0.00127916 -0.000379607 0.00107115 -0.00048761 0.00143344
internal_weight=8886 2036 6850 1949 6465 385
internal_count=8886 2036 6850 1949 6465 385
is_linear=0
shrinkage=0.0192184


Tree=171
num_leaves=7
num_cat=0
split_feature=2 10 9 0 5 9
split_gain=11.3483 6.11388 8.71267 4.2784 3.79688 1.65592
threshold=2.0397794965748015 1.0000000180025095e-35 -0.062407660193979995 0.038254733351558184 -0.44010389457784588 0.97930977711045852
decision_type=2 2 2 2 2 2
left_child=1 4 -3 -2 -1 -5
right_child=3 2 -4 5 -6 -7
leaf_value=-0.0022928375098760206 0.0061639604106936913 -0.00061191194335909497 0.0012422318163083702 0.0032408936153204828 -0.00043461314210619599 0.00026381866883422024
leaf_weight=449 122 1674 2123 147 4241 130
leaf_count=449 122 1674 2123 147 4241 130
internal_value=4.69635e-07 -0.000148472 0.000424796 0.00316733 -0.000612585 0.00184469
internal_weight=8886 8487 3797 399 4690 277
internal_count=8886 8487 3797 399 4690 277
is_linear=0
shrinkage=0.0192184


Tree=172
num_leaves=7
num_cat=0
split_feature=2 2 10 9 1 0
split_gain=11.0074 4.83006 4.13048 6.09156 3.27733 2.83581
threshold=0.38543141764232375 4.1708576516882028 1.0000000180025095e-35 0.069672782043351464 -0.65572673350320787 1.6132691535938319
decision_type=2 2 2 2 2 2
left_child=2 5 4 -4 -1 -2
right_child=1 -3 3 -5 -6 -7
leaf_value=-0.0023592310351380377 0.0014030711530329061 0.0057438820966247417 -0.0006011012822190585 0.001088096420627435 -0.00056911943832566535 -0.00092609095451783865
leaf_weight=424 1522 87 1728 1450 3454 221
leaf_count=424 1522 87 1728 1450 3454 221
internal_value=4.63247e-07 0.00132859 -0.000344013 0.000169631 -0.000764931 0.00110769
internal_weight=8886 1830 7056 3178 3878 1743
internal_count=8886 1830 7056 3178 3878 1743
is_linear=0
shrinkage=0.0192184


Tree=173
num_leaves=8
num_cat=0
split_feature=2 7 10 7 1 1 1
split_gain=10.6476 5.92474 5.23495 6.79432 5.07212 3.67465 1.97318
threshold=0.86321387809737782 1.6261686349392679 1.0000000180025095e-35 -0.20053048526225287 3.9182189525433055 0.33027353414753741 0.49460691208932833
decision_type=2 2 2 2 2 2 2
left_child=2 4 5 -4 -2 -1 -3
right_child=1 6 3 -5 -6 -7 -8
leaf_value=-0.00061395613916066794 0.0018004519755823452 0.00076906564002276383 -0.00062041464044352743 0.0010851288692378422 0.0058175851125935266 -0.0043388483118932371 -0.0031236600011455735
leaf_weight=4193 790 90 1594 1880 136 100 103
leaf_count=4193 790 90 1594 1880 136 100 103
internal_value=4.55662e-07 0.00175299 -0.000252065 0.000302569 0.00239136 -0.000700883 -0.00130926
internal_weight=8886 1119 7767 3474 926 4293 193
internal_count=8886 1119 7767 3474 926 4293 193
is_linear=0
shrinkage=0.0192184


Tree=174
num_leaves=8
num_cat=0
split_feature=2 2 9 9 1 3 1
split_gain=10.2986 4.6908 5.26544 3.30334 2.94549 2.87427 1.03135
threshold=0.28545491159996683 2.1797466050341012 0.97930977711045852 1.4249938120407826 -0.94057125526897867 -0.077826591922194363 -0.11479603111147961
decision_type=2 2 2 2 2 2 2
left_child=3 5 -3 4 -1 -2 -5
right_child=1 2 -4 6 -6 -7 -8
leaf_value=0.0029150313511496443 7.251658462466447e-05 0.0048134095213251274 -0.00022889841653404036 0.00043036135405935153 -0.00050910926256564598 0.0016720900822192212 0.0024226919852431139
leaf_weight=94 941 241 112 203 6371 742 182
leaf_count=94 941 241 112 203 6371 742 182
internal_value=4.47162e-07 0.00120047 0.0032142 -0.00035625 -0.000459251 0.00077783 0.00137282
internal_weight=8886 2036 353 6850 6465 1683 385
internal_count=8886 2036 353 6850 6465 1683 385
is_linear=0
shrinkage=0.0192184


Tree=175
num_leaves=7
num_cat=0
split_feature=2 10 9 9 9 5
split_gain=9.91491 5.20125 7.37291 4.11187 5.14731 3.47423
threshold=1.7703691223975022 1.0000000180025095e-35 -0.062407660193979995 1.1113124792405282 0.30957875305241833 -0.44010389457784588
decision_type=2 2 2 2 2 2
left_child=1 5 -3 4 -2 -1
right_child=3 2 -4 -5 -6 -7
leaf_value=-0.0021932916931687615 0.0015240545963015816 -0.00057382449156157672 0.0011404040578802911 -0.00014207622625589934 0.0061323292871524274 -0.00041465482894726611
leaf_weight=449 188 1673 2077 142 171 4186
leaf_count=449 188 1673 2077 142 171 4186
internal_value=4.42636e-07 -0.000156497 0.000375637 0.00262628 0.00372086 -0.000587025
internal_weight=8886 8385 3750 501 359 4635
internal_count=8886 8385 3750 501 359 4635
is_linear=0
shrinkage=0.0192184


Tree=176
num_leaves=7
num_cat=0
split_feature=1 9 9 9 1 10
split_gain=9.03467 5.68699 9.98584 5.32071 3.5175 2.12474
threshold=2.0283851062127103 1.1113124792405282 0.30957875305241833 1.4249938120407826 -0.35444887394325797 1.0000000180025095e-35
decision_type=2 2 2 2 2 2
left_child=3 2 -2 4 -1 -5
right_child=1 -3 -4 5 -6 -7
leaf_value=-0.00074976673743361256 0.00093668066111109291 -0.00053549216870517791 0.0086121590467270904 0.00023643386168582553 7.5916119484530298e-05 0.0024124767459939183
leaf_weight=3271 132 118 119 285 4565 396
leaf_count=3271 132 118 119 285 4565 396
internal_value=4.36027e-07 0.00294385 0.00457886 -0.000127141 -0.000268759 0.00150207
internal_weight=8886 369 251 8517 7836 681
internal_count=8886 369 251 8517 7836 681
is_linear=0
shrinkage=0.0192184


Tree=177
num_leaves=7
num_cat=0
split_feature=2 2 10 1 0 1
split_gain=9.44911 4.39481 3.2939 5.0947 2.90915 2.70788
threshold=0.28545491159996683 4.1708576516882028 1.0000000180025095e-35 -0.87483790409226236 1.396025785284553 -0.65572673350320787
decision_type=2 2 2 2 2 2
left_child=2 4 5 -4 -2 -1
right_child=1 -3 3 -5 -6 -7
leaf_value=-0.0021769640933499805 0.0013215877952047932 0.0053721608958472071 0.0049683681779467172 -1.5851603061405557e-06 -0.00056756668778972993 -0.00054001277977957
leaf_weight=420 1577 87 78 3007 372 3345
leaf_count=420 1577 87 78 3007 372 3345
internal_value=4.31502e-07 0.0011499 -0.000341239 0.000124326 0.000960992 -0.000722707
internal_weight=8886 2036 6850 3085 1949 3765
internal_count=8886 2036 6850 3085 1949 3765
is_linear=0
shrinkage=0.0192184


Tree=178
num_leaves=7
num_cat=0
split_feature=2 10 9 9 9 1
split_gain=9.12407 5.25932 7.23791 4.86309 10.401 3.25409
threshold=2.1797466050341012 1.0000000180025095e-35 -0.85123652857667664 0.97930977711045852 0.30957875305241833 -0.54617114820868051
decision_type=2 2 2 2 2 2
left_child=1 5 -3 4 -2 -1
right_child=3 2 -4 -5 -6 -7
leaf_value=-0.0015835369239144228 0.0015057959516504369 -0.0013035341596509347 0.00081544657401730238 -0.00028138360579819125 0.0097757668192917039 -0.00030649349977065885
leaf_weight=914 152 738 3078 112 89 3803
leaf_count=914 152 738 3078 112 89 3803
internal_value=4.26125e-07 -0.000124854 0.000405605 0.00302747 0.00456436 -0.000553989
internal_weight=8886 8533 3816 353 241 4717
internal_count=8886 8533 3816 353 241 4717
is_linear=0
shrinkage=0.0192184


Tree=179
num_leaves=7
num_cat=0
split_feature=6 6 9 10 1 10
split_gain=8.90167 4.00615 3.53032 3.79963 2.9769 2.51493
threshold=0.12839018131943306 4.3871383114319267 0.86378797771983185 1.0000000180025095e-35 -0.49139335556141706 1.0000000180025095e-35
decision_type=2 2 2 2 2 2
left_child=2 5 4 -4 -1 -2
right_child=1 -3 3 -5 -6 -7
leaf_value=-0.0011675630902151298 0.0003171538395576089 0.005013191468512126 -0.00076581092801459715 0.0016296691434738414 -0.00021911000119646199 0.0017875468368320525
leaf_weight=1706 949 96 393 647 4310 785
leaf_count=1706 949 96 393 647 4310 785
internal_value=4.20938e-07 0.00119477 -0.000309358 0.000724474 -0.000488094 0.000982922
internal_weight=8886 1830 7056 1040 6016 1734
internal_count=8886 1830 7056 1040 6016 1734
is_linear=0
shrinkage=0.0192184


Tree=180
num_leaves=8
num_cat=0
split_feature=2 0 10 9 1 1 9
split_gain=8.57282 5.40726 4.31407 6.6256 4.30197 3.62913 2.48747
threshold=0.86321387809737782 1.4503366273618725 1.0000000180025095e-35 -0.97499877933702461 3.9182189525433055 0.33027353414753741 1.2478241075917664
decision_type=2 2 2 2 2 2 2
left_child=2 4 5 -4 -2 -1 -3
right_child=1 6 3 -5 -6 -7 -8
leaf_value=-0.00054722119328800363 0.0016386254254459158 -0.0034109438692491011 -0.0015022227720310655 0.00067311907460055264 0.0053382159451658443 -0.0042489549081109529 0.00095679660998074115
leaf_weight=4193 790 102 632 2842 136 100 91
leaf_count=4193 790 102 632 2842 136 100 91
internal_value=4.15148e-07 0.00157296 -0.000226171 0.000277323 0.00218282 -0.000633606 -0.00135245
internal_weight=8886 1119 7767 3474 926 4293 193
internal_count=8886 1119 7767 3474 926 4293 193
is_linear=0
shrinkage=0.0192184


Tree=181
num_leaves=7
num_cat=0
split_feature=2 2 10 9 5 2
split_gain=8.35042 3.98849 2.99309 2.7259 3.8869 1.49965
threshold=0.19600224829891036 4.1708576516882028 1.0000000180025095e-35 -1.2431244092820251 -0.53616066328811895 -0.19337993312921714
decision_type=2 2 2 2 2 2
left_child=3 2 -2 5 -5 -1
right_child=1 -3 -4 4 -6 -7
leaf_value=-0.0010284415444651699 0.00020289198312359433 0.0050358941093128252 0.0016314582909416047 0.0034971965569788482 -0.00025024861159261011 -0.003565413864184231
leaf_weight=904 1208 87 982 104 5506 95
leaf_count=904 1208 87 982 104 5506 95
internal_value=4.0678e-07 0.00100407 0.000843538 -0.0003454 -0.000180678 -0.00127023
internal_weight=8886 2277 2190 6609 5610 999
internal_count=8886 2277 2190 6609 5610 999
is_linear=0
shrinkage=0.0192184


Tree=182
num_leaves=8
num_cat=0
split_feature=6 0 1 10 1 1 1
split_gain=8.03809 3.92076 6.12659 2.83337 4.82421 2.59542 1.79213
threshold=0.058252880427069234 1.4503366273618725 2.0283851062127103 1.0000000180025095e-35 -0.87483790409226236 0.18785127326465187 1.2067182165037555
decision_type=2 2 2 2 2 2 2
left_child=3 2 -2 5 -5 -1 -3
right_child=1 6 -4 4 -6 -7 -8
leaf_value=-0.00058551041823068774 0.00087749597477608683 1.6272888501543003e-05 0.0038159653867711443 0.0048307624626268064 -5.4572614900658154e-06 -0.0037366053256535259 -0.0031392954675987235
leaf_weight=3666 1369 253 324 78 3007 99 90
leaf_count=3666 1369 253 324 78 3007 99 90
internal_value=4.00896e-07 0.00106057 0.00144016 -0.000314728 0.000117066 -0.000668525 -0.000812801
internal_weight=8886 2036 1693 6850 3085 3765 343
internal_count=8886 2036 1693 6850 3085 3765 343
is_linear=0
shrinkage=0.0192184


Tree=183
num_leaves=8
num_cat=0
split_feature=2 7 1 9 1 2 1
split_gain=7.76217 3.90786 6.2634 2.66342 3.62576 1.68092 1.63981
threshold=0.17600694709043915 1.6261686349392679 2.0283851062127103 -1.2431244092820251 -0.87483790409226236 -0.19337993312921714 1.2067182165037555
decision_type=2 2 2 2 2 2 2
left_child=3 2 -2 5 -5 -1 -3
right_child=1 6 -4 4 -6 -7 -8
leaf_value=-0.0010030429566226754 0.00081600094674534661 -0.00012096781910120125 0.0037426651121647732 0.0033773680778965962 -0.00024231634327761653 -0.0037416776736911338 -0.0030790712924418932
leaf_weight=904 1620 298 324 104 5455 91 90
leaf_count=904 1620 298 324 104 5455 91 90
internal_value=3.93909e-07 0.000952592 0.00130405 -0.000338425 -0.000174501 -0.00125408 -0.000808127
internal_weight=8886 2332 1944 6554 5559 995 388
internal_count=8886 2332 1944 6554 5559 995 388
is_linear=0
shrinkage=0.0192184


Tree=184
num_leaves=7
num_cat=0
split_feature=6 9 9 9 1 1
split_gain=7.50205 4.6629 4.5548 10.1165 3.94493 3.38538
threshold=1.8218215878315009 0.99571293974263997 0.97930977711045852 0.30957875305241833 -0.49139335556141706 -0.54617114820868051
decision_type=2 2 2 2 2 2
left_child=1 4 3 -2 -1 -3
right_child=2 5 -4 -5 -6 -7
leaf_value=-0.0010936480694363978 0.0012164784353903342 0.0046949888308962465 -0.00045679958744852827 0.0093721683234962681 -5.0309498357410917e-05 0.00067155814568988588
leaf_weight=1782 152 82 112 89 5377 1292
leaf_count=1782 152 82 112 89 5377 1292
internal_value=3.86238e-07 -0.000113213 0.00274521 0.0042326 -0.000310034 0.000912201
internal_weight=8886 8533 353 241 7159 1374
internal_count=8886 8533 353 241 7159 1374
is_linear=0
shrinkage=0.0192184


Tree=185
num_leaves=7
num_cat=0
split_feature=2 0 1 1 1 1
split_gain=7.2976 3.76562 5.88055 2.45338 2.49152 1.57926
threshold=0.17600694709043915 1.4503366273618725 2.0283851062127103 -0.95700459306315777 -0.49139335556141706 1.2067182165037555
decision_type=2 2 2 2 2 2
left_child=3 2 -2 -1 -5 -3
right_child=1 5 -4 4 -6 -7
leaf_value=0.002893480932270764 0.00079575138166770702 -0.0001303677952365262 0.0036315619420111541 -0.0010032108301424162 -0.00014598538878720524 -0.0030333507485213493
leaf_weight=86 1620 298 324 1698 4770 90
leaf_count=86 1620 298 324 1698 4770 90
internal_value=3.83834e-07 0.000923647 0.00126865 -0.00032814 -0.000371047 -0.000804728
internal_weight=8886 2332 1944 6554 6468 388
internal_count=8886 2332 1944 6554 6468 388
is_linear=0
shrinkage=0.0192184


Tree=186
num_leaves=8
num_cat=0
split_feature=2 0 10 0 2 5 5
split_gain=7.05487 4.6062 3.93813 5.49131 3.74579 3.52012 1.88183
threshold=0.86321387809737782 1.4503366273618725 1.0000000180025095e-35 1.0000000180025095e-35 4.1708576516882028 0.10741968707071087 0.21701172773561339
decision_type=2 2 2 2 2 2 2
left_child=2 4 5 -4 -2 -1 -3
right_child=1 6 3 -5 -6 -7 -8
leaf_value=-0.00050937363788505937 0.001605551524131112 0.00075653604597291876 -0.00055388957569127309 0.0009794134720376936 0.0058817220594986844 -0.0041550774302347715 -0.0030450047947251212
leaf_weight=4193 843 90 1594 1880 83 100 103
leaf_count=4193 843 90 1594 1880 83 100 103
internal_value=3.77494e-07 0.00142692 -0.000205172 0.000275884 0.0019898 -0.000594449 -0.0012731
internal_weight=8886 1119 7767 3474 926 4293 193
internal_count=8886 1119 7767 3474 926 4293 193
is_linear=0
shrinkage=0.0192184


Tree=187
num_leaves=8
num_cat=0
split_feature=2 0 2 9 5 2 5
split_gain=6.83897 3.5261 5.51837 2.47876 3.43207 1.62773 1.45513
threshold=0.17600694709043915 1.4503366273618725 2.0397794965748015 -1.2431244092820251 -0.53616066328811895 -0.19337993312921714 0.75245544301606015
decision_type=2 2 2 2 2 2 2
left_child=3 2 -2 5 -5 -1 -3
right_child=1 6 -4 4 -6 -7 -8
leaf_value=-0.00095397766683784975 0.00074801799452917333 -0.00013103353268162374 0.0034126247567154901 0.0032961728843993142 -0.00022550233893409497 -0.0036489109070910043 -0.0029176015040322362
leaf_weight=904 1594 298 350 104 5455 91 90
leaf_count=904 1594 298 350 104 5455 91 90
internal_value=3.70567e-07 0.000894151 0.001228 -0.000317662 -0.000159523 -0.001201 -0.000778353
internal_weight=8886 2332 1944 6554 5559 995 388
internal_count=8886 2332 1944 6554 5559 995 388
is_linear=0
shrinkage=0.0192184


Tree=188
num_leaves=7
num_cat=0
split_feature=2 2 1 7 7 7
split_gain=6.59055 3.05075 2.05222 2.67075 2.03926 1.68498
threshold=0.38543141764232375 4.1708576516882028 -0.38183777026688975 1.3839182139806434 1.8782400189097286 -0.036847768398317333
decision_type=2 2 2 2 2 2
left_child=2 4 3 -1 -2 -4
right_child=1 -3 5 -5 -6 -7
leaf_value=-0.00080649567297316099 0.0011029741512515894 0.004537054954657665 -0.00036592272192483103 0.0015845013912380655 -0.00087213007705234458 0.00041056248587379238
leaf_weight=2739 1522 87 2135 184 221 1998
leaf_count=2739 1522 87 2135 184 221 1998
internal_value=3.63289e-07 0.00102804 -0.000266186 -0.000655905 0.000852486 9.45134e-06
internal_weight=8886 1830 7056 2923 1743 4133
internal_count=8886 1830 7056 2923 1743 4133
is_linear=0
shrinkage=0.0192184


Tree=189
num_leaves=8
num_cat=0
split_feature=6 0 9 9 1 9 6
split_gain=6.35835 4.17833 3.94774 3.20834 4.36181 2.44456 1.27795
threshold=0.4988518091559222 1.4503366273618725 0.30957875305241833 -1.1967135652468945 -0.87483790409226236 1.2478241075917664 -0.25345372363333346
decision_type=2 2 2 2 2 2 2
left_child=3 2 -2 6 -5 -3 -1
right_child=1 5 -4 4 -6 -7 -8
leaf_value=-0.00088307959995336438 0.00041284789275003805 -0.0032576146690499667 0.0029561477767458696 0.0038126808789117846 -9.6341673082364724e-05 0.0010721678327641217 -0.0027657521248232405
leaf_weight=981 388 102 538 107 6525 91 154
leaf_count=981 388 102 538 107 6525 91 154
internal_value=3.58258e-07 0.00135465 0.00189075 -0.00019478 -3.31823e-05 -0.00121691 -0.00113889
internal_weight=8886 1119 926 7767 6632 193 1135
internal_count=8886 1119 926 7767 6632 193 1135
is_linear=0
shrinkage=0.0192184


Tree=190
num_leaves=8
num_cat=0
split_feature=2 0 1 9 1 2 1
split_gain=6.18489 3.22464 5.16818 2.25537 3.17175 1.52741 1.3961
threshold=0.17600694709043915 1.4503366273618725 2.0283851062127103 -1.2431244092820251 -0.87483790409226236 -0.19337993312921714 0.85066256429654186
decision_type=2 2 2 2 2 2 2
left_child=3 2 -2 5 -5 -1 -3
right_child=1 6 -4 4 -6 -7 -8
leaf_value=-0.00090539953100921119 0.00072625040668429541 5.0669861064345245e-05 0.0033847459363486559 0.0031708119740561326 -0.00021467328489124872 -0.0035159505344181524 -0.0024100456119045205
leaf_weight=904 1620 262 324 104 5455 91 126
leaf_count=904 1620 262 324 104 5455 91 126
internal_value=3.51808e-07 0.000850318 0.00116958 -0.00030209 -0.000151246 -0.00114469 -0.000749093
internal_weight=8886 2332 1944 6554 5559 995 388
internal_count=8886 2332 1944 6554 5559 995 388
is_linear=0
shrinkage=0.0192184


Tree=191
num_leaves=7
num_cat=0
split_feature=6 10 9 9 9 1
split_gain=5.97846 4.2919 5.88244 4.23948 9.74835 2.95571
threshold=1.8218215878315009 1.0000000180025095e-35 -0.062407660193979995 0.97930977711045852 0.30957875305241833 -0.65572673350320787
decision_type=2 2 2 2 2 2
left_child=1 5 -3 4 -2 -1
right_child=3 2 -4 -5 -6 -7
leaf_value=-0.0019716649510836126 0.00092524184349339659 -0.0004740240439735889 0.0010462133769279483 -0.00063829529661339963 0.0089307512765108323 -0.00033265160027053206
leaf_weight=449 152 1677 2139 112 89 4268
leaf_count=449 152 1677 2139 112 89 4268
internal_value=3.45143e-07 -0.000101065 0.000378129 0.00245065 0.00388564 -0.000488728
internal_weight=8886 8533 3816 353 241 4717
internal_count=8886 8533 3816 353 241 4717
is_linear=0
shrinkage=0.0192184


Tree=192
num_leaves=7
num_cat=0
split_feature=2 0 1 1 1 1
split_gain=5.81616 3.0967 4.84114 2.18628 2.25326 1.3653
threshold=0.17600694709043915 1.4503366273618725 2.0283851062127103 -0.95700459306315777 -0.49139335556141706 1.2067182165037555
decision_type=2 2 2 2 2 2
left_child=3 2 -2 -1 -5 -3
right_child=1 5 -4 4 -6 -7
leaf_value=0.0027482452216313772 0.00070837221018792249 -0.00011576406329430229 0.0032813807768352428 -0.00093462907540167424 -0.00011942272486845672 -0.0028149383861772854
leaf_weight=86 1620 298 324 1698 4770 90
leaf_count=86 1620 298 324 1698 4770 90
internal_value=3.41115e-07 0.000824581 0.00113745 -0.000292947 -0.000333452 -0.000742778
internal_weight=8886 2332 1944 6554 6468 388
internal_count=8886 2332 1944 6554 6468 388
is_linear=0
shrinkage=0.0192184


Tree=193
num_leaves=7
num_cat=0
split_feature=2 9 9 9 1 1
split_gain=5.59738 2.861 5.6565 2.83502 3.74689 2.59276
threshold=0.38543141764232375 -0.62796694052157598 -0.36232899400894431 0.92753486567428256 -0.54617114820868051 0.41244022311843287
decision_type=2 2 2 2 2 2
left_child=3 -2 -3 5 -5 -1
right_child=1 2 -4 4 -6 -7
leaf_value=-0.00034281248393796496 -0.0016416877600820149 0.0061204368734065406 0.00091979258541250027 0.0046097692883589943 0.00035815097635741799 -0.00335872085564129
leaf_weight=6017 145 81 1604 84 848 107
leaf_count=6017 145 81 1604 84 848 107
internal_value=3.35514e-07 0.000947419 0.00117036 -0.00024531 0.000742079 -0.000395595
internal_weight=8886 1830 1685 7056 932 6124
internal_count=8886 1830 1685 7056 932 6124
is_linear=0
shrinkage=0.0192184


Tree=194
num_leaves=7
num_cat=0
split_feature=2 10 0 9 9 1
split_gain=5.47364 4.10456 5.58094 4.03958 9.40271 2.80366
threshold=2.1797466050341012 1.0000000180025095e-35 1.0000000180025095e-35 0.97930977711045852 0.30957875305241833 -0.65572673350320787
decision_type=2 2 2 2 2 2
left_child=1 5 -3 4 -2 -1
right_child=3 2 -4 -5 -6 -7
leaf_value=-0.0019200997026033399 0.00083829715533865904 -0.00047284167151510187 0.0010113076914835216 -0.00067027943353961108 0.0087005071285213252 -0.00032380198748765206
leaf_weight=449 152 1644 2172 112 89 4268
leaf_count=449 152 1644 2172 112 89 4268
internal_value=3.31392e-07 -9.67028e-05 0.000371916 0.0023449 0.00374566 -0.000475811
internal_weight=8886 8533 3816 353 241 4717
internal_count=8886 8533 3816 353 241 4717
is_linear=0
shrinkage=0.0192184


Tree=195
num_leaves=7
num_cat=0
split_feature=2 7 2 1 1 1
split_gain=5.30791 2.98632 4.52619 2.10654 2.1232 1.34071
threshold=0.17600694709043915 1.6261686349392679 2.0397794965748015 -0.95700459306315777 -0.49139335556141706 0.85066256429654186
decision_type=2 2 2 2 2 2
left_child=3 2 -2 -1 -5 -3
right_child=1 5 -4 4 -6 -7
leaf_value=0.0027053666384924844 0.00066027301107140699 3.2312469103605128e-05 0.0030734730481847068 -0.00090318267608552241 -0.00011185206613934988 -0.0023790979913142179
leaf_weight=86 1594 262 350 1698 4770 126
leaf_count=86 1594 262 350 1698 4770 126
internal_value=3.27517e-07 0.000787731 0.00109497 -0.000279853 -0.000319612 -0.000751433
internal_weight=8886 2332 1944 6554 6468 388
internal_count=8886 2332 1944 6554 6468 388
is_linear=0
shrinkage=0.0192184


Tree=196
num_leaves=7
num_cat=0
split_feature=2 0 5 5 5 5
split_gain=5.10586 2.87271 4.38866 2.02965 2.10785 1.29102
threshold=0.17600694709043915 1.4503366273618725 1.4925291837611192 -0.56317881259626301 -0.36194861458176003 0.75245544301606015
decision_type=2 2 2 2 2 2
left_child=3 2 -2 -1 -5 -3
right_child=1 5 -4 4 -6 -7
leaf_value=0.0024682669957378322 0.00066540277486517912 -0.00012728377044804164 0.0031152169324484649 -0.00090023307053056084 -0.0001097025277016262 -0.0027520142030013047
leaf_weight=98 1620 298 324 1686 4770 90
leaf_count=98 1620 298 324 1686 4770 90
internal_value=3.22297e-07 0.000772594 0.00107393 -0.000274474 -0.000316169 -0.00073701
internal_weight=8886 2332 1944 6554 6456 388
internal_count=8886 2332 1944 6554 6456 388
is_linear=0
shrinkage=0.0192184


Tree=197
num_leaves=8
num_cat=0
split_feature=2 10 0 1 0 2 1
split_gain=4.9203 3.43093 4.5686 3.48871 3.41955 3.14918 1.64017
threshold=0.86321387809737782 1.0000000180025095e-35 1.0000000180025095e-35 0.33027353414753741 1.4503366273618725 4.1708576516882028 0.49460691208932833
decision_type=2 2 2 2 2 2 2
left_child=1 3 -3 -1 5 -2 -6
right_child=4 2 -4 -5 6 -7 -8
leaf_value=-0.00044999535767218442 0.0013243620214691326 -0.00047919023374733507 0.00091937205397559104 -0.0040793841093772765 0.00076006315131834691 0.0052450877361865291 -0.0027889417224565395
leaf_weight=4193 843 1594 1880 100 90 83 103
leaf_count=4193 843 1594 1880 100 90 83 103
internal_value=3.1692e-07 -0.000171342 0.000277667 -0.000534688 0.00119166 0.00167664 -0.0011347
internal_weight=8886 7767 3474 4293 1119 926 193
internal_count=8886 7767 3474 4293 1119 926 193
is_linear=0
shrinkage=0.0192184


Tree=198
num_leaves=8
num_cat=0
split_feature=2 0 2 9 1 2 9
split_gain=4.78591 2.69163 4.11694 2.01627 2.9043 1.48423 1.35026
threshold=0.17600694709043915 1.4503366273618725 2.0397794965748015 -1.2431244092820251 -0.87483790409226236 -0.19337993312921714 1.3698760759923612
decision_type=2 2 2 2 2 2 2
left_child=3 2 -2 5 -5 -1 -3
right_child=1 6 -4 4 -6 -7 -8
leaf_value=-0.000826553053889975 0.00062510201026069127 -0.0016325520526450589 0.0029266183838011746 0.0030557974335205448 -0.0001838071117725093 -0.0033998814050129507 0.00068383157949128968
leaf_weight=904 1594 234 350 104 5455 91 154
leaf_count=904 1594 234 350 104 5455 91 154
internal_value=3.10982e-07 0.000747995 0.00103968 -0.000265736 -0.000123112 -0.00106242 -0.000713255
internal_weight=8886 2332 1944 6554 5559 995 388
internal_count=8886 2332 1944 6554 5559 995 388
is_linear=0
shrinkage=0.0192184


Tree=199
num_leaves=7
num_cat=0
split_feature=6 9 6 4 1 1
split_gain=4.62826 4.66861 3.98292 2.69126 2.2035 1.45575
threshold=-0.23081326860613835 -0.85123652857667664 4.3871383114319267 -0.011235666016642254 -0.95700459306315777 0.083773467234851032
decision_type=2 2 2 2 2 2
left_child=4 3 -3 -2 -1 -6
right_child=1 2 -4 -5 5 -7
leaf_value=0.0027196344281907913 -0.00058625042404871863 0.00060080030594979249 0.0046283654352050306 -0.0044297306682938012 -0.00038708004364079105 -0.0027052886874083452
leaf_weight=83 236 3423 93 94 4855 102
leaf_count=83 236 3423 93 94 4855 102
internal_value=3.0544e-07 0.000502387 0.00070754 -0.0016827 -0.000382834 -0.000434869
internal_weight=8886 3846 3516 330 5040 4957
internal_count=8886 3846 3516 330 5040 4957
is_linear=0
shrinkage=0.0192184


Tree=200
num_leaves=7
num_cat=0
split_feature=6 10 0 4 1 1
split_gain=4.45208 3.59966 5.9171 3.57598 2.11976 1.40044
threshold=-0.23081326860613835 1.0000000180025095e-35 -0.5048536874216395 -3.7540878501949351 -0.95700459306315777 0.083773467234851032
decision_type=2 2 2 2 2 2
left_child=4 3 -3 -2 -1 -6
right_child=1 2 -4 -5 5 -7
leaf_value=0.0026674689879440531 0.0034287330465440002 -0.0018698718685395031 0.0015001154638196164 -0.0002626049883553831 -0.00037964123264361597 -0.0026533795889860279
leaf_weight=83 102 218 1633 1893 4855 102
leaf_count=83 102 218 1633 1893 4855 102
internal_value=2.99502e-07 0.000492732 0.00110309 -7.36115e-05 -0.000375476 -0.000426513
internal_weight=8886 3846 1851 1995 5040 4957
internal_count=8886 3846 1851 1995 5040 4957
is_linear=0
shrinkage=0.0192184


Tree=201
num_leaves=8
num_cat=0
split_feature=2 3 0 0 2 3 1
split_gain=4.31817 3.22638 6.22327 3.16439 7.45955 2.66613 1.34448
threshold=-0.31335174038004565 -0.077826597762448824 -0.5048536874216395 1.2874041011299133 -0.48278560851498764 -1.9565310487933938 -0.49139335556141706
decision_type=2 2 2 2 2 2 2
left_child=3 5 -3 6 -5 -2 -1
right_child=1 2 -4 4 -6 -7 -8
leaf_value=-0.0010506992198881745 0.0020665064439339209 -0.0018868503665051388 0.0013839277882327402 0.0053378040558860326 -0.0013084193501584367 -0.00018533423482393915 -0.00030800417551614124
leaf_weight=1522 209 245 1739 111 142 2714 2204
leaf_count=1522 209 245 1739 111 142 2714 2204
internal_value=2.94586e-07 0.000381788 0.000979904 -0.000470168 0.00160905 -2.42174e-05 -0.000611414
internal_weight=8886 4907 1984 3979 253 2923 3726
internal_count=8886 4907 1984 3979 253 2923 3726
is_linear=0
shrinkage=0.0192184


Tree=202
num_leaves=8
num_cat=0
split_feature=2 7 9 10 9 9 7
split_gain=4.17395 3.18341 3.66294 3.13271 4.93716 2.3752 0.659696
threshold=0.86321387809737782 1.6261686349392679 0.30957875305241833 1.0000000180025095e-35 -0.97499877933702461 1.2478241075917664 -1.2077248030316694
decision_type=2 2 2 2 2 2 2
left_child=3 2 -2 6 -5 -3 -1
right_child=1 5 -4 4 -6 -7 -8
leaf_value=0.0001481594588974862 0.00014203042405938496 -0.0031585771849253568 0.0025917461928254715 -0.0012649216864788356 0.00061289877538182338 0.0011092874250694625 -0.00059189592649683319
leaf_weight=504 388 102 538 632 2842 91 3789
leaf_count=504 388 102 538 632 2842 91 3789
internal_value=2.90312e-07 0.00109756 0.00156551 -0.000157814 0.000271237 -0.00114701 -0.00050501
internal_weight=8886 1119 926 7767 3474 193 4293
internal_count=8886 1119 926 7767 3474 193 4293
is_linear=0
shrinkage=0.0192184


Tree=203
num_leaves=7
num_cat=0
split_feature=2 9 9 9 9 1
split_gain=4.07279 3.79876 9.02015 3.36973 3.2941 2.86394
threshold=2.1797466050341012 0.97930977711045852 0.30957875305241833 0.99571293974263997 1.073530787111427 -0.49139335556141706
decision_type=2 2 2 2 2 2
left_child=3 2 -2 5 -5 -1
right_child=1 -3 -4 4 -6 -7
leaf_value=-0.0009184078141179485 0.00053382681719530355 -0.00090092403649718288 0.0082340540780610413 0.0033518038014013485 0.0004428358751378503 -2.9437638658760228e-05
leaf_weight=1782 152 112 89 163 1211 5377
leaf_count=1782 152 112 89 163 1211 5377
internal_value=2.84608e-07 0.0020227 0.0033811 -8.34168e-05 0.000788287 -0.000250734
internal_weight=8886 353 241 8533 1374 7159
internal_count=8886 353 241 8533 1374 7159
is_linear=0
shrinkage=0.0192184


Tree=204
num_leaves=8
num_cat=0
split_feature=6 0 6 3 0 3 1
split_gain=3.94802 2.99169 7.19453 2.99119 5.90578 2.50141 1.23528
threshold=-0.30825995602790585 1.2874041011299133 -0.39532121521836777 -0.077826597762448824 -0.5048536874216395 -1.9565310487933938 -0.49139335556141706
decision_type=2 2 2 2 2 2 2
left_child=1 6 -3 5 -5 -2 -1
right_child=3 2 -4 4 -6 -7 -8
leaf_value=-0.0010079698225515339 0.0019992401244198136 0.0052340395868696659 -0.0012930485107526797 -0.0018517040156119315 0.0013345460043082155 -0.00018192797550794777 -0.00029607440905555073
leaf_weight=1522 209 111 142 245 1739 2714 2204
leaf_count=1522 209 111 142 245 1739 2714 2204
internal_value=2.82877e-07 -0.000449564 0.00157212 0.000365059 0.000940963 -2.58678e-05 -0.000586902
internal_weight=8886 3979 253 4907 1984 2923 3726
internal_count=8886 3979 253 4907 1984 2923 3726
is_linear=0
shrinkage=0.0192184


Tree=205
num_leaves=8
num_cat=0
split_feature=2 10 0 5 4 5 5
split_gain=3.83673 3.38425 4.38354 2.53146 1.79241 2.18696 0.117506
threshold=2.1797466050341012 1.0000000180025095e-35 1.0000000180025095e-35 -0.44010389457784588 -0.81716504030139703 4.4986694227167128 0.61690951837815555
decision_type=2 2 2 2 2 2 2
left_child=1 3 -3 -1 6 -6 -2
right_child=4 2 -4 -5 5 -7 -8
leaf_value=-0.0017975867215404531 0.0029654529942881552 -0.00040411481674706984 0.00091122085502807234 -0.00028076046049241505 0.0025612525350716228 -0.0015085657302267082 0.0040432832684777192
leaf_weight=449 79 1644 2172 4268 109 88 77
leaf_count=449 79 1644 2172 4268 109 88 77
internal_value=2.78803e-07 -8.09607e-05 0.000344557 -0.000425201 0.00196321 0.000743505 0.0035011
internal_weight=8886 8533 3816 4717 353 197 156
internal_count=8886 8533 3816 4717 353 197 156
is_linear=0
shrinkage=0.0192184


Tree=206
num_leaves=7
num_cat=0
split_feature=6 0 1 1 1 1
split_gain=3.71192 2.36671 3.73032 1.79141 1.74064 1.3899
threshold=1.0000000180025095e-35 1.4503366273618725 3.9182189525433055 -0.94057125526897867 -0.49139335556141706 0.85066256429654186
decision_type=2 2 2 2 2 2
left_child=3 2 -2 -1 -5 -3
right_child=1 5 -4 4 -6 -7
leaf_value=0.0023466190193035131 0.00071031740922182203 0.00010322399994737789 0.0040123056532819015 -0.0007989769881602025 -8.2770844004259855e-05 -0.0023613213599764054
leaf_weight=98 1759 256 136 1694 4817 126
leaf_count=98 1759 256 136 1694 4817 126
internal_value=2.75709e-07 0.000669439 0.000947617 -0.000230282 -0.000269125 -0.000710338
internal_weight=8886 2277 1895 6609 6511 382
internal_count=8886 2277 1895 6609 6511 382
is_linear=0
shrinkage=0.0192184


Tree=207
num_leaves=8
num_cat=0
split_feature=2 9 2 0 2 1 1
split_gain=3.60793 3.28757 4.25536 2.834 6.93699 1.95859 1.12968
threshold=-0.31335174038004565 -0.85123652857667664 4.1708576516882028 1.2874041011299133 -0.48278560851498764 -0.025782118059676232 -0.49139335556141706
decision_type=2 2 2 2 2 2 2
left_child=3 5 -3 6 -5 -2 -1
right_child=1 2 -4 4 -6 -7 -8
leaf_value=-0.00096610009639423874 -0.00053632039011559907 0.00044091309790107237 0.0047795789547237389 0.0051336990585233912 -0.0012754994863589766 -0.0036072388452938597 -0.00028531447727341442
leaf_weight=1522 458 4272 85 111 142 92 2204
leaf_count=1522 458 4272 85 111 142 92 2204
internal_value=2.71783e-07 0.000348983 0.00052573 -0.000429764 0.00153791 -0.00105091 -0.000563433
internal_weight=8886 4907 4357 3979 253 550 3726
internal_count=8886 4907 4357 3979 253 550 3726
is_linear=0
shrinkage=0.0192184


Tree=208
num_leaves=7
num_cat=0
split_feature=2 9 9 9 10 1
split_gain=3.48433 2.44989 5.56178 2.15199 2.10972 1.68508
threshold=0.38543141764232375 -0.62796694052157598 -0.36232899400894431 1.4249938120407826 1.0000000180025095e-35 -0.94057125526897867
decision_type=2 2 2 2 2 2
left_child=3 -2 -3 5 -5 -1
right_child=1 2 -4 4 -6 -7
leaf_value=0.0022600471502183437 -0.0016483222102396703 0.0058622017567657742 0.00070537364964764809 -0.00082068405016732105 0.0020580289425936277 -0.00031592733223361315
leaf_weight=95 145 81 1604 139 290 6532
leaf_count=95 145 81 1604 139 290 6532
internal_value=2.67834e-07 0.0007475 0.000953808 -0.000193542 0.00112534 -0.000278945
internal_weight=8886 1830 1685 7056 429 6627
internal_count=8886 1830 1685 7056 429 6627
is_linear=0
shrinkage=0.0192184


Tree=209
num_leaves=7
num_cat=0
split_feature=2 9 9 10 9 1
split_gain=3.40772 3.61192 8.69846 3.20424 4.36628 2.3713
threshold=2.1797466050341012 0.97930977711045852 0.30957875305241833 1.0000000180025095e-35 -0.97499877933702461 -0.65572673350320787
decision_type=2 2 2 2 2 2
left_child=3 2 -2 5 -5 -1
right_child=1 -3 -4 4 -6 -7
leaf_value=-0.0017395203251376438 0.00037891358779986264 -0.0010004825479476148 0.0079404082214220607 -0.0011170651796850969 0.0006282054628680816 -0.00027146027004990578
leaf_weight=449 152 112 89 635 3181 4268
leaf_count=449 152 112 89 635 3181 4268
internal_value=2.65521e-07 0.0018502 0.00317479 -7.62974e-05 0.000337749 -0.000411257
internal_weight=8886 353 241 8533 3816 4717
internal_count=8886 353 241 8533 3816 4717
is_linear=0
shrinkage=0.0192184


Tree=210
num_leaves=8
num_cat=0
split_feature=2 9 2 7 2 3 5
split_gain=3.31677 3.03146 4.01928 2.68417 6.68335 2.33573 1.07271
threshold=-0.31335174038004565 -0.85123652857667664 4.1708576516882028 1.3839182139806434 -0.48278560851498764 -0.077826597419297164 -0.36194861458176003
decision_type=2 2 2 2 2 2 2
left_child=3 5 -3 6 -5 -2 -1
right_child=1 2 -4 4 -6 -7 -8
leaf_value=-0.00093452717193167494 -0.00045509037499519165 0.00042189941446185627 0.0046384967156530106 0.0050323371107051868 -0.001258591988751304 -0.0038381863493819612 -0.00027112999983117532
leaf_weight=1522 460 4272 85 111 142 90 2204
leaf_count=1522 460 4272 85 111 142 90 2204
internal_value=2.62093e-07 0.000334607 0.00050433 -0.000412056 0.0015029 -0.00100966 -0.000542144
internal_weight=8886 4907 4357 3979 253 550 3726
internal_count=8886 4907 4357 3979 253 550 3726
is_linear=0
shrinkage=0.0192184


Tree=211
num_leaves=7
num_cat=0
split_feature=10 0 1 4 1 1
split_gain=3.25486 4.11192 7.0622 3.24325 2.2193 1.48519
threshold=1.0000000180025095e-35 -0.5048536874216395 -0.77486843251100634 -3.7540878501949351 -0.65572673350320787 -0.025782118059676232
decision_type=2 2 2 2 2 2
left_child=3 5 -3 -1 -5 -2
right_child=1 2 -4 4 -6 -7
leaf_value=0.0030535840976714679 -0.00027727229514034463 0.0063881987270182844 0.00063631945401665065 -0.0016928140198767003 -0.00027322646936356348 -0.0022624030987778714
leaf_weight=102 1022 81 2762 449 4309 161
leaf_count=102 1022 81 2762 449 4309 161
internal_value=2.58194e-07 0.000404371 0.000800551 -0.000334508 -0.000407243 -0.000547712
internal_weight=8886 4026 2843 4860 4758 1183
internal_count=8886 4026 2843 4860 4758 1183
is_linear=0
shrinkage=0.0192184


Tree=212
num_leaves=8
num_cat=0
split_feature=2 7 9 10 9 1 9
split_gain=3.15534 2.91172 3.39606 2.54429 4.05432 3.46966 2.32383
threshold=0.86321387809737782 1.6261686349392679 0.30957875305241833 1.0000000180025095e-35 -0.97499877933702461 0.33027353414753741 1.2478241075917664
decision_type=2 2 2 2 2 2 2
left_child=3 2 -2 5 -5 -1 -3
right_child=1 6 -4 4 -6 -7 -8
leaf_value=-0.00036564698854166277 3.12346638032399e-05 -0.0031819951364803743 0.0023899722948840002 -0.0011426028725967678 0.00055906308570420561 -0.0039850944229893178 0.0010395173803582124
leaf_weight=4193 388 102 538 632 2842 100 91
leaf_count=4193 388 102 538 632 2842 100 91
internal_value=2.55174e-07 0.000954289 0.00140183 -0.00013721 0.000249452 -0.000450105 -0.00119233
internal_weight=8886 1119 926 7767 3474 4293 193
internal_count=8886 1119 926 7767 3474 4293 193
is_linear=0
shrinkage=0.0192184


Tree=213
num_leaves=8
num_cat=0
split_feature=2 9 2 0 2 3 1
split_gain=3.08287 2.79948 3.80815 2.51668 6.40595 2.21349 1.02745
threshold=-0.31335174038004565 -0.85123652857667664 4.1708576516882028 1.2874041011299133 -0.48278560851498764 -0.077826597419297164 -0.49139335556141706
decision_type=2 2 2 2 2 2 2
left_child=3 5 -3 6 -5 -2 -1
right_child=1 2 -4 4 -6 -7 -8
leaf_value=-0.00090724640447502629 -0.00042936364261479264 0.00040545280524196913 0.0045098086739022445 0.0049124020845509415 -0.0012465801145240146 -0.0037227321103107292 -0.00025799433429935453
leaf_weight=1522 460 4272 85 111 142 90 2204
leaf_count=1522 460 4272 85 111 142 90 2204
internal_value=2.48641e-07 0.000322589 0.000485689 -0.000397266 0.00145698 -0.000969217 -0.00052323
internal_weight=8886 4907 4357 3979 253 550 3726
internal_count=8886 4907 4357 3979 253 550 3726
is_linear=0
shrinkage=0.0192184


Tree=214
num_leaves=7
num_cat=0
split_feature=10 9 1 4 1 1
split_gain=3.00135 4.64156 5.02976 3.02739 2.09444 1.86114
threshold=1.0000000180025095e-35 -0.97499877933702461 -0.79267121512136696 -3.7540878501949351 -0.65572673350320787 -0.13533770335420345
decision_type=2 2 2 2 2 2
left_child=3 5 -3 -1 -5 -2
right_child=1 2 -4 4 -6 -7
leaf_value=0.0029521797753303027 -0.00072090019430644779 0.0049143014064968087 0.00054243508311175865 -0.0016403761159880233 -0.00026130133755460739 -0.0038526014906562346
leaf_weight=102 559 100 3287 449 4309 80
leaf_count=102 559 100 3287 449 4309 80
internal_value=2.4499e-07 0.000388301 0.000671742 -0.000321221 -0.000391493 -0.00111385
internal_weight=8886 4026 3387 4860 4758 639
internal_count=8886 4026 3387 4860 4758 639
is_linear=0
shrinkage=0.0192184


Tree=215
num_leaves=7
num_cat=0
split_feature=2 10 0 4 1 1
split_gain=2.94189 2.72817 4.55684 2.60285 1.85825 1.34159
threshold=-0.17338463192074569 1.0000000180025095e-35 -0.5048536874216395 -3.7540878501949351 -0.94057125526897867 0.083773467234851032
decision_type=2 2 2 2 2 2
left_child=4 3 -3 -2 -1 -6
right_child=1 2 -4 -5 5 -7
leaf_value=0.0023549248984392574 0.0028955332248630332 -0.0016770467619619822 0.0012803117632088881 -0.00025374481840953413 -0.00031041739485349284 -0.002535908345014647
leaf_weight=95 102 218 1633 1893 4843 102
leaf_count=95 102 218 1633 1893 4843 102
internal_value=2.40951e-07 0.000400534 0.000931894 -9.25066e-05 -0.000305223 -0.000356404
internal_weight=8886 3846 1851 1995 5040 4945
internal_count=8886 3846 1851 1995 5040 4945
is_linear=0
shrinkage=0.0192184


Tree=216
num_leaves=6
num_cat=0
split_feature=1 3 10 1 1
split_gain=2.86928 2.69667 2.85412 1.71379 0.864133
threshold=-0.29967108129599435 -2.0135989587424605 1.0000000180025095e-35 -0.94057125526897867 -0.65572673350320787
decision_type=2 2 2 2 2
left_child=3 -2 -3 -1 -5
right_child=1 2 -4 4 -6
leaf_value=0.0020886988502916747 0.0030530084899577799 -0.0002717084226306147 0.00067327683156180021 -0.0010736530322152254 -0.00031491813502495305
leaf_weight=101 129 2186 2566 669 3235
leaf_count=101 129 2186 2566 669 3235
internal_value=2.36929e-07 0.000313055 0.000238573 -0.000380999 -0.000444977
internal_weight=8886 4881 4752 4005 3904
internal_count=8886 4881 4752 4005 3904
is_linear=0
shrinkage=0.0192184


Tree=217
num_leaves=7
num_cat=0
split_feature=2 7 1 1 9 1
split_gain=2.7839 2.40164 3.16155 1.50244 1.43721 1.31402
threshold=0.17600694709043915 1.6261686349392679 3.9182189525433055 -0.95700459306315777 1.4249938120407826 0.85066256429654186
decision_type=2 2 2 2 2 2
left_child=3 2 -2 -1 -5 -3
right_child=1 5 -4 4 -6 -7
leaf_value=0.0023184170184863714 0.00063326450742976273 -3.3819077197402289e-05 0.003670147641867399 -0.00030529908204557263 0.00095226685032346822 -0.0024211659517121304
leaf_weight=86 1808 262 136 6113 355 126
leaf_count=86 1808 262 136 6113 355 126
internal_value=2.33818e-07 0.00057048 0.00084601 -0.000202676 -0.000236254 -0.000809782
internal_weight=8886 2332 1944 6554 6468 388
internal_count=8886 2332 1944 6554 6468 388
is_linear=0
shrinkage=0.0192184


Tree=218
num_leaves=6
num_cat=0
split_feature=1 3 9 1 9
split_gain=2.71873 2.58033 2.18034 1.59417 1.22565
threshold=-0.29967108129599435 -2.0135989587424605 -0.60145756394539596 -0.94057125526897867 -0.23988832507204225
decision_type=2 2 2 2 2
left_child=3 -2 -3 -1 -5
right_child=1 2 -4 4 -6
leaf_value=0.0020110781985135475 0.0029849327443544943 -0.00067214999837159756 0.00041931425268482126 -0.00016733930576296884 -0.00086976325354722343
leaf_weight=101 129 816 3936 2430 1474
leaf_count=101 129 816 3936 2430 1474
internal_value=2.31001e-07 0.000304732 0.000231874 -0.000370869 -0.000432573
internal_weight=8886 4881 4752 4005 3904
internal_count=8886 4881 4752 4005 3904
is_linear=0
shrinkage=0.0192184


Tree=219
num_leaves=7
num_cat=0
split_feature=2 0 1 1 1 1
split_gain=2.61732 1.80865 2.89633 1.64323 1.18087 1.53836
threshold=0.38543141764232375 1.4503366273618725 3.9182189525433055 0.85066256429654186 -0.94057125526897867 -0.49139335556141706
decision_type=2 2 2 2 2 2
left_child=4 2 -2 -3 -1 -6
right_child=1 3 -4 -5 5 -7
leaf_value=0.0019147075557341803 0.00065574103752273703 0.00048069799597427515 0.0035930344960800587 -0.0023827427553398781 -0.00069433834433480174 -3.3069544867577961e-05
leaf_weight=99 1389 179 136 126 1729 5228
leaf_count=99 1389 179 136 126 1729 5228
internal_value=2.2785e-07 0.000647854 0.000918044 -0.00070286 -0.000167747 -0.000197425
internal_weight=8886 1830 1525 305 7056 6957
internal_count=8886 1830 1525 305 7056 6957
is_linear=0
shrinkage=0.0192184


Tree=220
num_leaves=6
num_cat=0
split_feature=1 3 7 1 9
split_gain=2.55034 2.46687 2.10611 1.48046 1.18707
threshold=-0.29967108129599435 -2.0135989587424605 -0.63265285778304259 -0.94057125526897867 -0.23988832507204225
decision_type=2 2 2 2 2
left_child=3 -2 -3 -1 -5
right_child=1 2 -4 4 -6
leaf_value=0.0019362296922211572 0.0029157555918439236 -0.00053434671738965625 0.00043977498668284581 -0.00015763707460862759 -0.00084891531506495015
leaf_weight=101 129 1053 3699 2430 1474
leaf_count=101 129 1053 3699 2430 1474
internal_value=2.24705e-07 0.000295145 0.000223907 -0.000359199 -0.000418662
internal_weight=8886 4881 4752 4005 3904
internal_count=8886 4881 4752 4005 3904
is_linear=0
shrinkage=0.0192184


Tree=221
num_leaves=7
num_cat=0
split_feature=10 9 2 4 1 9
split_gain=2.66567 4.25612 6.83909 2.53496 1.97552 1.85322
threshold=1.0000000180025095e-35 0.30957875305241833 -0.54171912786627174 -3.7540878501949351 0.41244022311843287 -0.97499877933702461
decision_type=2 2 2 2 2 2
left_child=3 5 -3 -1 -5 -2
right_child=1 2 -4 4 -6 -7
leaf_value=0.0026926370337450657 -0.0010680927297831212 0.0059955716227544252 0.00077770851100676327 -0.00028625683262409665 -0.0022656375780380571 0.000156657216704384
leaf_weight=102 639 98 1694 4564 194 1595
leaf_count=102 639 98 1694 4564 194 1595
internal_value=2.21695e-07 0.000365934 0.00106358 -0.000302734 -0.000367038 -0.000193714
internal_weight=8886 4026 1792 4860 4758 2234
internal_count=8886 4026 1792 4860 4758 2234
is_linear=0
shrinkage=0.0192184


Tree=222
num_leaves=8
num_cat=0
split_feature=6 0 6 0 6 1 1
split_gain=2.45648 2.32928 6.04267 2.27457 3.39896 0.995885 0.979581
threshold=-0.30825995602790585 1.2874041011299133 -0.39532121521836777 1.6132691535938319 1.8218215878315009 0.7575403167961936 -0.49139335556141706
decision_type=2 2 2 2 2 2 2
left_child=1 6 -3 4 -2 -5 -1
right_child=3 2 -4 5 -6 -7 -8
leaf_value=-0.00085076607948832313 0.00026878014177429287 0.0047852571113162108 -0.0011965484984403692 -0.00054734451670144081 0.0023064498622374341 -0.0027614950535169692 -0.00021682516025956994
leaf_weight=1522 4143 111 142 342 326 96 2204
leaf_count=1522 4143 111 142 342 326 96 2204
internal_value=2.1953e-07 -0.00035462 0.00142925 0.000287955 0.0004175 -0.00103348 -0.000475804
internal_weight=8886 3979 253 4907 4469 438 3726
internal_count=8886 3979 253 4907 4469 438 3726
is_linear=0
shrinkage=0.0192184


Tree=223
num_leaves=7
num_cat=0
split_feature=6 0 1 1 1 1
split_gain=2.37683 2.1835 2.83225 1.28637 1.19151 1.11949
threshold=-0.015585580099126623 1.4503366273618725 3.9182189525433055 -0.95700459306315777 0.85066256429654186 -0.49139335556141706
decision_type=2 2 2 2 2 2
left_child=3 2 -2 -1 -3 -5
right_child=1 4 -4 5 -6 -7
leaf_value=0.0021455068020463821 0.00058848282723789655 -5.0037758509546394e-05 0.0034628544641144856 -0.00064209063022010993 -0.0023233895030348528 -6.7482575351046498e-05
leaf_weight=86 1808 262 136 1698 126 4770
leaf_count=86 1808 262 136 1698 126 4770
internal_value=2.15923e-07 0.000527123 0.000789843 -0.000187273 -0.000788956 -0.000218343
internal_weight=8886 2332 1944 6554 388 6468
internal_count=8886 2332 1944 6554 388 6468
is_linear=0
shrinkage=0.0192184


Tree=224
num_leaves=6
num_cat=0
split_feature=9 2 1 1 9
split_gain=2.33171 3.70463 2.84256 1.18728 0.319854
threshold=-1.1967135652468945 4.1708576516882028 -0.87483790409226236 -0.080559910706939852 -1.3347799957433633
decision_type=2 2 2 2 2
left_child=3 2 -2 4 -1
right_child=1 -3 -4 -5 -6
leaf_value=-0.00042301337640716008 0.0031553383052742435 0.0041069538175998914 3.1696021689201111e-05 -0.0031072798317104016 -0.0011446560159395231
leaf_weight=757 109 85 7534 77 324
leaf_count=757 109 85 7534 77 324
internal_value=2.12858e-07 0.000120728 7.63096e-05 -0.000803955 -0.000639447
internal_weight=8886 7728 7643 1158 1081
internal_count=8886 7728 7643 1158 1081
is_linear=0
shrinkage=0.0192184


Tree=225
num_leaves=7
num_cat=0
split_feature=10 9 4 4 9 8
split_gain=2.53561 4.03532 6.48755 2.31643 1.71961 1.44729
threshold=1.0000000180025095e-35 0.30957875305241833 0.22092281815232148 -3.7540878501949351 -1.3954950195146145 1.0000000180025095e-35
decision_type=2 2 2 2 2 2
left_child=3 4 -3 -1 -2 -5
right_child=1 2 -4 5 -6 -7
leaf_value=0.0025680892745811161 -0.0017690052458434731 0.00075776947210650888 0.0058397587729484791 -0.00029217015925001038 -8.230836620206075e-06 -0.0020971886503595044
leaf_weight=102 228 1694 98 4588 2006 170
leaf_count=102 228 1694 98 4588 2006 170
internal_value=2.09674e-07 0.000356888 0.00103619 -0.000295263 -0.00018805 -0.000356732
internal_weight=8886 4026 1792 4860 2234 4758
internal_count=8886 4026 1792 4860 2234 4758
is_linear=0
shrinkage=0.0192184


Tree=226
num_leaves=6
num_cat=0
split_feature=1 3 0 1 9
split_gain=2.2732 2.24377 1.91075 1.27947 1.28195
threshold=-0.29967108129599435 -2.0135989587424605 -0.5048536874216395 -0.94057125526897867 0.045806569114063007
decision_type=2 2 2 2 2
left_child=3 -2 -3 -1 -5
right_child=1 2 -4 4 -6
leaf_value=0.0017948055043455228 0.0027779421731970988 -0.00051152836523541214 0.0004163155726632617 -0.00017749846250725716 -0.00095356026887265916
leaf_weight=101 129 1053 3699 2813 1091
leaf_count=101 129 1053 3699 2813 1091
internal_value=2.07385e-07 0.000278643 0.000210703 -0.000339126 -0.000394405
internal_weight=8886 4881 4752 4005 3904
internal_count=8886 4881 4752 4005 3904
is_linear=0
shrinkage=0.0192184


Tree=227
num_leaves=7
num_cat=0
split_feature=10 0 1 4 1 1
split_gain=2.42773 2.9606 6.13727 2.17133 1.95565 1.47673
threshold=1.0000000180025095e-35 -0.5048536874216395 -0.77486843251100634 -3.7540878501949351 -0.6831156298268396 -0.025782118059676232
decision_type=2 2 2 2 2 2
left_child=3 5 -3 -1 -5 -2
right_child=1 2 -4 4 -6 -7
leaf_value=0.0024833094149956181 -0.0001890050080616025 0.0058942775130559092 0.00053228854206842824 -0.0016859921452659142 -0.00023492217653262173 -0.0021684490762185656
leaf_weight=102 1022 81 2762 372 4386 161
leaf_count=102 1022 81 2762 372 4386 161
internal_value=2.04556e-07 0.000349213 0.000685384 -0.000288914 -0.000348427 -0.000458658
internal_weight=8886 4026 2843 4860 4758 1183
internal_count=8886 4026 2843 4860 4758 1183
is_linear=0
shrinkage=0.0192184


Tree=228
num_leaves=8
num_cat=0
split_feature=10 9 2 1 9 2 9
split_gain=2.33533 3.79061 6.14411 2.07279 1.62899 1.02355 0.724124
threshold=1.0000000180025095e-35 0.30957875305241833 -0.54171912786627174 -0.65572673350320787 -1.3954950195146145 2.1797466050341012 0.059566568099353005
decision_type=2 2 2 2 2 2 2
left_child=3 4 -3 6 -2 -5 -1
right_child=1 2 -4 5 -6 -7 -8
leaf_value=-0.0011634417851567732 -0.0017243842291977997 0.0056755792010334703 0.00072993735515628063 -0.00020997786124191443 -1.0634290833448177e-05 0.0014476858892003459 -0.0031698191860041686
leaf_weight=369 228 98 1694 4268 2006 142 81
leaf_count=369 228 98 1694 4268 2006 142 81
internal_value=2.02241e-07 0.000342505 0.00100089 -0.000283361 -0.000185651 -0.00015655 -0.0015256
internal_weight=8886 4026 1792 4860 2234 4410 450
internal_count=8886 4026 1792 4860 2234 4410 450
is_linear=0
shrinkage=0.0192184


Tree=229
num_leaves=7
num_cat=0
split_feature=2 9 2 4 1 1
split_gain=2.16979 3.00921 2.82675 2.12042 1.36007 1.22951
threshold=-0.17338463192074569 -0.85123652857667664 4.1708576516882028 -0.011235666016642254 0.083773467234851032 -0.95700459306315777
decision_type=2 2 2 2 2 2
left_child=4 3 -3 -2 5 -1
right_child=1 2 -4 -5 -6 -7
leaf_value=0.0021003468444544668 -0.0004371287804770099 0.00042281072852989426 0.0039674484083910173 -0.0038486383095590743 -0.002457014321863597 -0.00025639998009967864
leaf_weight=83 236 3431 85 94 102 4855
leaf_count=83 236 3431 85 94 102 4855
internal_value=1.98883e-07 0.000343973 0.000508682 -0.00141031 -0.000262136 -0.000216719
internal_weight=8886 3846 3516 330 5040 4938
internal_count=8886 3846 3516 330 5040 4938
is_linear=0
shrinkage=0.0192184


Tree=230
num_leaves=8
num_cat=0
split_feature=10 9 4 3 5 9 5
split_gain=2.23263 3.60066 5.91389 2.05832 1.90135 1.56276 1.29196
threshold=1.0000000180025095e-35 0.30957875305241833 0.22092281815232148 -1.9565310487933938 -0.45262038262191179 -0.97499877933702461 -0.079891011914321727
decision_type=2 2 2 2 2 2 2
left_child=3 5 -3 6 -5 -2 -1
right_child=1 2 -4 4 -6 -7 -8
leaf_value=0.00023401031981587543 -0.00098280651251553166 0.00071073548763627478 0.0055628357032156787 -0.0017144068303136745 -0.00024935916188835265 0.0001418781106607497 0.0032734159675850884
leaf_weight=116 639 1694 98 354 4297 1595 93
leaf_count=116 639 1694 98 354 4297 1595 93
internal_value=1.94876e-07 0.000334886 0.000976563 -0.000277063 -0.000360924 -0.000179867 0.00158797
internal_weight=8886 4026 1792 4860 4651 2234 209
internal_count=8886 4026 1792 4860 4651 2234 209
is_linear=0
shrinkage=0.0192184


Tree=231
num_leaves=7
num_cat=0
split_feature=10 1 1 3 1 1
split_gain=2.14766 2.34115 2.91337 1.98007 1.8489 1.24286
threshold=1.0000000180025095e-35 -0.87483790409226236 -0.080559910706939852 -1.9565310487933938 0.41244022311843287 0.028995674587587398
decision_type=2 2 2 2 2 2
left_child=3 -2 -3 5 -5 -1
right_child=1 2 -4 4 -6 -7
leaf_value=0.00022951925931573972 0.0036221351543052681 -0.0002071558702393625 0.00084261660086081003 -0.00026958994180583588 -0.0020938357361504874 0.0032106152661154374
leaf_weight=116 78 2179 1769 4436 215 93
leaf_count=116 78 2179 1769 4436 215 93
internal_value=1.93579e-07 0.000328454 0.000263236 -0.000271737 -0.000353989 0.0015575
internal_weight=8886 4026 3948 4860 4651 209
internal_count=8886 4026 3948 4860 4651 209
is_linear=0
shrinkage=0.0192184


Tree=232
num_leaves=7
num_cat=0
split_feature=1 9 2 2 9 9
split_gain=2.02713 2.41836 2.93747 1.39174 1.18637 1.07745
threshold=-0.35444887394325797 -1.1967135652468945 4.1708576516882028 -1.1657830024254059 1.2265233182021087 -1.3347799957433633
decision_type=2 2 2 2 2 2
left_child=3 5 -3 -1 -5 -2
right_child=1 2 -4 4 -6 -7
leaf_value=0.0014768742368331045 -0.00050593063737650794 0.00027354409929223141 0.0038727154229487386 -0.00053497604977444167 0.0012034825250611249 -0.002706855177910401
leaf_weight=144 226 5071 85 3079 152 129
leaf_count=144 226 5071 85 3079 152 129
internal_value=1.91718e-07 0.000227347 0.000332999 -0.00037072 -0.000453135 -0.00130658
internal_weight=8886 5511 5156 3375 3231 355
internal_count=8886 5511 5156 3375 3231 355
is_linear=0
shrinkage=0.0192184


Tree=233
num_leaves=8
num_cat=0
split_feature=10 9 4 5 4 9 9
split_gain=2.05224 3.37746 5.68465 1.91279 1.74436 1.49587 0.700589
threshold=1.0000000180025095e-35 0.30957875305241833 0.22092281815232148 -0.44010389457784588 -3.7540878501949351 -1.3954950195146145 0.059566568099353005
decision_type=2 2 2 2 2 2 2
left_child=3 5 -3 6 -5 -2 -1
right_child=1 2 -4 4 -6 -7 -8
leaf_value=-0.0011027669247240049 -0.0016519925457058847 0.00068192188263491692 0.0054390477453912468 0.0023507236119512929 -0.00020237079992711614 -9.7547630227471975e-06 -0.0030761945010413893
leaf_weight=369 228 1694 98 101 4309 2006 81
leaf_count=369 228 1694 98 101 4309 2006 81
internal_value=1.89107e-07 0.000321075 0.000942545 -0.000265632 -0.000143814 -0.000177468 -0.00145897
internal_weight=8886 4026 1792 4860 4410 2234 450
internal_count=8886 4026 1792 4860 4410 2234 450
is_linear=0
shrinkage=0.0192184


Tree=234
num_leaves=8
num_cat=0
split_feature=10 9 2 1 4 1 9
split_gain=1.97415 3.24896 5.46865 1.84006 1.67805 1.48321 0.675646
threshold=1.0000000180025095e-35 0.30957875305241833 -0.54171912786627174 -0.65572673350320787 -3.7540878501949351 3.0143853738634556 -1.0136356126460027
decision_type=2 2 2 2 2 2 2
left_child=3 5 -3 6 -5 -2 -1
right_child=1 2 -4 4 -6 -7 -8
leaf_value=-0.00055115759645113852 -7.7910623115138322e-05 0.0053346899397823423 0.00066881770484581251 0.0023056185964669546 -0.00019848169819901255 -0.0027244662829096142 -0.0020615232157746395
leaf_weight=188 2153 98 1694 101 4309 81 262
leaf_count=188 2153 98 1694 101 4309 81 262
internal_value=1.86313e-07 0.000314907 0.000924442 -0.000260529 -0.000141049 -0.00017406 -0.00143096
internal_weight=8886 4026 1792 4860 4410 2234 450
internal_count=8886 4026 1792 4860 4410 2234 450
is_linear=0
shrinkage=0.0192184


Tree=235
num_leaves=8
num_cat=0
split_feature=2 7 1 7 2 9 9
split_gain=1.90798 2.25125 2.81742 1.91553 5.46777 1.11153 1.02574
threshold=-0.31335174038004565 1.8782400189097286 2.0283851062127103 1.3839182139806434 -0.48278560851498764 1.4249938120407826 -0.22675024694484455
decision_type=2 2 2 2 2 2 2
left_child=3 2 -2 6 -5 -3 -1
right_child=1 5 -4 4 -6 -7 -8
leaf_value=-0.00020384565817230265 0.00024457926016352509 -0.001748670992012572 0.002069194179477173 0.0044975454904401906 -0.0011925625831096501 0.00030109601277200166 -0.00088760765220776252
leaf_weight=2535 4131 291 338 111 142 147 1191
leaf_count=2535 4131 291 338 111 142 147 1191
internal_value=1.83654e-07 0.000253769 0.000382649 -0.000312541 0.00130516 -0.00106087 -0.000422437
internal_weight=8886 4907 4469 3979 253 438 3726
internal_count=8886 4907 4469 3979 253 438 3726
is_linear=0
shrinkage=0.0192184


Tree=236
num_leaves=7
num_cat=0
split_feature=1 0 2 2 1 0
split_gain=1.85087 2.05983 2.886 1.35316 0.994334 0.694322
threshold=-0.35444887394325797 1.6132691535938319 2.1797466050341012 -1.1657830024254059 0.7575403167961936 -0.2332994770350407
decision_type=2 2 2 2 2 2
left_child=3 2 -2 -1 -3 -5
right_child=1 4 -4 5 -6 -7
leaf_value=0.0014675592331647753 0.00020828482558067724 -0.00055719747814463321 0.0020853932122733947 -0.00020992607809975134 -0.0027607171690709961 -0.00078737987236469356
leaf_weight=144 4737 355 323 1969 96 1262
leaf_count=144 4737 355 323 1969 96 1262
internal_value=1.812e-07 0.000217237 0.000328171 -0.000354239 -0.00102706 -0.000435503
internal_weight=8886 5511 5060 3375 451 3231
internal_count=8886 5511 5060 3375 451 3231
is_linear=0
shrinkage=0.0192184


Tree=237
num_leaves=7
num_cat=0
split_feature=6 9 9 9 1 6
split_gain=1.80027 1.91237 5.49098 1.54109 1.69038 1.16161
threshold=0.12839018131943306 -0.62796694052157598 -0.36232899400894431 1.6303054353184707 0.13855125988211467 -0.67178562827714772
decision_type=2 2 2 2 2 2
left_child=3 -2 -3 5 -5 -1
right_child=1 2 -4 4 -6 -7
leaf_value=0.0012243576393306448 -0.0015794004572540809 0.0055965700757524975 0.00047275119342099785 0.00034371855817261736 0.0035922618119773255 -0.00024424798828053543
leaf_weight=205 145 81 1604 226 80 6545
leaf_count=205 145 81 1604 226 80 6545
internal_value=1.77507e-07 0.00053729 0.000719574 -0.000139133 0.00119447 -0.000199617
internal_weight=8886 1830 1685 7056 306 6750
internal_count=8886 1830 1685 7056 306 6750
is_linear=0
shrinkage=0.0192184


Tree=238
num_leaves=8
num_cat=0
split_feature=10 9 1 3 1 1 1
split_gain=1.86842 3.15737 3.94631 1.78529 1.89321 1.71158 1.10252
threshold=1.0000000180025095e-35 -0.97499877933702461 -0.79267121512136696 -1.9565310487933938 0.41244022311843287 -0.13533770335420345 0.028995674587587398
decision_type=2 2 2 2 2 2 2
left_child=3 5 -3 6 -5 -2 -1
right_child=1 2 -4 4 -6 -7 -8
leaf_value=0.00023269147964677432 -0.00055578346362533367 0.004298057930975637 0.00042559440349284971 -0.00024615810613528899 -0.002092130081426061 -0.0035589124017654872 0.0030404685203569834
leaf_weight=116 559 100 3287 4436 215 80 93
leaf_count=116 559 100 3287 4436 215 80 93
internal_value=1.77394e-07 0.000306355 0.000540128 -0.00025346 -0.000331561 -0.00093257 0.00148348
internal_weight=8886 4026 3387 4860 4651 639 209
internal_count=8886 4026 3387 4860 4651 639 209
is_linear=0
shrinkage=0.0192184


Tree=239
num_leaves=8
num_cat=0
split_feature=2 0 1 0 2 1 1
split_gain=1.75876 2.11054 2.59041 1.8389 5.23887 0.957353 0.929849
threshold=-0.31335174038004565 1.6132691535938319 2.0283851062127103 1.2874041011299133 -0.48278560851498764 0.7575403167961936 -0.49139335556141706
decision_type=2 2 2 2 2 2 2
left_child=3 2 -2 6 -5 -3 -1
right_child=1 5 -4 4 -6 -7 -8
leaf_value=-0.0007730658659950287 0.00023603884593036085 -0.00055260397963189886 0.0019856012960265223 0.0044097848577174742 -0.0011599482764965343 -0.0027235147782541189 -0.00015543391233406473
leaf_weight=1522 4131 342 338 111 142 96 2204
leaf_count=1522 4131 342 338 111 142 96 2204
internal_value=1.74521e-07 0.000243642 0.000368429 -0.000300072 0.00128494 -0.00102925 -0.000407748
internal_weight=8886 4907 4469 3979 253 438 3726
internal_count=8886 4907 4469 3979 253 438 3726
is_linear=0
shrinkage=0.0192184


Tree=240
num_leaves=8
num_cat=0
split_feature=10 9 2 1 3 1 9
split_gain=1.78227 3.02033 5.13102 1.73125 1.82808 1.5839 0.670665
threshold=1.0000000180025095e-35 0.30957875305241833 -0.54171912786627174 -0.6831156298268396 -2.0135989587424605 3.0143853738634556 -1.0136356126460027
decision_type=2 2 2 2 2 2 2
left_child=3 5 -3 6 -5 -2 -1
right_child=1 2 -4 4 -6 -7 -8
leaf_value=-0.00055387402474468763 -7.2883394869054284e-05 0.005158835520961625 0.0006392974630352751 0.0018352015940947125 -0.00021900138191211131 -0.00280778789216698 -0.0022035771811944097
leaf_weight=158 2153 98 1694 166 4321 81 215
leaf_count=158 2153 98 1694 166 4321 81 215
internal_value=1.71594e-07 0.000299207 0.000886904 -0.000247549 -0.000142941 -0.000172242 -0.00150532
internal_weight=8886 4026 1792 4860 4487 2234 373
internal_count=8886 4026 1792 4860 4487 2234 373
is_linear=0
shrinkage=0.0192184


Tree=241
num_leaves=8
num_cat=0
split_feature=10 9 2 5 3 2 9
split_gain=1.71444 2.9686 3.72005 1.66541 1.75855 1.65863 0.64515
threshold=1.0000000180025095e-35 -0.97499877933702461 -0.68168623632557168 -0.45262038262191179 -2.0135989587424605 -0.18285609038791636 -1.0136356126460027
decision_type=2 2 2 2 2 2 2
left_child=3 5 -3 6 -5 -2 -1
right_child=1 2 -4 4 -6 -7 -8
leaf_value=-0.0005432403382022459 -0.00053694969561167991 0.0041687483829900328 0.00040893457609665049 0.0017999662120342624 -0.00021479267700685173 -0.003493257398505771 -0.0021612597061898089
leaf_weight=158 559 100 3287 166 4321 80 215
leaf_count=158 559 100 3287 166 4321 80 215
internal_value=1.68906e-07 0.000293459 0.000520136 -0.000242792 -0.000140193 -0.000907859 -0.00147642
internal_weight=8886 4026 3387 4860 4487 639 373
internal_count=8886 4026 3387 4860 4487 639 373
is_linear=0
shrinkage=0.0192184


Tree=242
num_leaves=7
num_cat=0
split_feature=2 9 2 4 1 1
split_gain=1.66378 2.56412 2.4234 1.97352 1.2935 1.01605
threshold=-0.17338463192074569 -0.85123652857667664 4.1708576516882028 -0.011235666016642254 0.083773467234851032 -0.95700459306315777
decision_type=2 2 2 2 2 2
left_child=4 3 -3 -2 5 -1
right_child=1 2 -4 -5 -6 -7
leaf_value=0.0019210809309772776 -0.00037932080925080796 0.00037373068482763309 0.0036557468816332591 -0.0036705011205937759 -0.0023700426064702609 -0.00022133490586783715
leaf_weight=83 236 3431 85 94 102 4855
leaf_count=83 236 3431 85 94 102 4855
internal_value=1.65448e-07 0.000301198 0.000453239 -0.00131815 -0.000229553 -0.000185262
internal_weight=8886 3846 3516 330 5040 4938
internal_count=8886 3846 3516 330 5040 4938
is_linear=0
shrinkage=0.0192184


Tree=243
num_leaves=8
num_cat=0
split_feature=10 0 1 1 1 4 4
split_gain=1.63854 2.09539 4.97341 1.6047 1.4728 1.40952 0.428255
threshold=1.0000000180025095e-35 -0.5048536874216395 -0.77486843251100634 -0.6831156298268396 -0.025782118059676232 -3.7540878501949351 0.78743308327455519
decision_type=2 2 2 2 2 2 2
left_child=3 4 -3 6 -2 -5 -1
right_child=1 2 -4 5 -6 -7 -8
leaf_value=-0.0017802702814928443 -0.00012347894501917796 0.0052587457481925752 0.00043188787687090997 0.0021061789639556859 -0.0021002695668682213 -0.0001883713322949192 -0.00017103593324510589
leaf_weight=296 1022 81 2762 101 161 4386 77
leaf_count=296 1022 81 2762 101 161 4386 77
internal_value=1.62014e-07 0.000286887 0.000569702 -0.00023736 -0.000392761 -0.000136648 -0.00144829
internal_weight=8886 4026 2843 4860 1183 4487 373
internal_count=8886 4026 2843 4860 1183 4487 373
is_linear=0
shrinkage=0.0192184


Tree=244
num_leaves=8
num_cat=0
split_feature=2 0 2 0 2 6 0
split_gain=1.59753 2.07362 2.23483 1.67823 4.94599 0.850133 0.694518
threshold=-0.31335174038004565 1.6132691535938319 2.1797466050341012 1.2874041011299133 -0.48278560851498764 0.94794133351725196 -1.5910705289680351
decision_type=2 2 2 2 2 2 2
left_child=3 2 -2 6 -5 -3 -1
right_child=1 5 -4 4 -6 -7 -8
leaf_value=0.00050085685521279472 0.00023529815918462137 -0.00063166398027781777 0.0018875781748842219 0.0042644392762711198 -0.001147353530509342 -0.0028324468120005564 -0.00046622280329881795
leaf_weight=298 4143 359 326 111 142 79 3428
leaf_count=298 4143 359 326 111 142 79 3428
internal_value=1.60086e-07 0.0002322 0.000355891 -0.000285994 0.00122819 -0.00102951 -0.000388858
internal_weight=8886 4907 4469 3979 253 438 3726
internal_count=8886 4907 4469 3979 253 438 3726
is_linear=0
shrinkage=0.0192184


Tree=245
num_leaves=7
num_cat=0
split_feature=1 0 1 2 1 0
split_gain=1.58504 1.92776 2.46457 1.28299 0.925111 0.772031
threshold=-0.35444887394325797 1.6132691535938319 2.0283851062127103 -1.1657830024254059 0.7575403167961936 -0.2332994770350407
decision_type=2 2 2 2 2 2
left_child=3 2 -2 -1 -3 -5
right_child=1 4 -4 5 -6 -7
leaf_value=0.0014461067565612858 0.0001948314070018127 -0.00054950254289713328 0.0018932649968510002 -0.00016909447475545492 -0.002674949016598773 -0.00077799788454856504
leaf_weight=144 4722 355 338 1969 96 1262
leaf_count=144 4722 355 338 1969 96 1262
internal_value=1.57631e-07 0.000201022 0.000308341 -0.000327824 -0.00100273 -0.000406954
internal_weight=8886 5511 5060 3375 451 3231
internal_count=8886 5511 5060 3375 451 3231
is_linear=0
shrinkage=0.0192184


Tree=246
num_leaves=6
num_cat=0
split_feature=9 2 5 5 9
split_gain=1.56533 2.6982 2.2502 1.01293 0.320357
threshold=-1.1967135652468945 4.1708576516882028 -0.53616066328811895 -0.14363777660386659 -1.3347799957433633
decision_type=2 2 2 2 2
left_child=3 2 -2 4 -1
right_child=1 -3 -4 -5 -6
leaf_value=-0.00029023906352436895 0.0028004755974211232 0.0035008346905590717 2.1296327265149263e-05 -0.0027861931996931971 -0.0010123716404642406
leaf_weight=757 109 85 7534 77 324
leaf_count=757 109 85 7534 77 324
internal_value=1.54371e-07 9.88974e-05 6.099e-05 -0.000658735 -0.000506799
internal_weight=8886 7728 7643 1158 1081
internal_count=8886 7728 7643 1158 1081
is_linear=0
shrinkage=0.0192184


Tree=247
num_leaves=8
num_cat=0
split_feature=10 0 1 1 3 1 0
split_gain=1.54736 1.97083 4.72618 1.54229 1.5978 1.44058 0.477413
threshold=1.0000000180025095e-35 -0.5048536874216395 -0.77486843251100634 -0.65572673350320787 -2.0135989587424605 -0.025782118059676232 -1.4281380027360757
decision_type=2 2 2 2 2 2 2
left_child=3 5 -3 6 -5 -2 -1
right_child=1 2 -4 4 -6 -7 -8
leaf_value=-2.3437761815811612e-05 -0.00011403409506381751 0.0051240751649895945 0.00041872103700418123 0.0017274583018966297 -0.00019365652907239611 -0.002069084021956592 -0.0016085426934049384
leaf_weight=87 1022 81 2762 166 4244 161 363
leaf_count=87 1022 81 2762 166 4244 161 363
internal_value=1.52185e-07 0.000278785 0.000553066 -0.000230667 -0.000121281 -0.000380354 -0.00130221
internal_weight=8886 4026 2843 4860 4410 1183 450
internal_count=8886 4026 2843 4860 4410 1183 450
is_linear=0
shrinkage=0.0192184


Tree=248
num_leaves=7
num_cat=0
split_feature=5 9 2 2 9 9
split_gain=1.5064 1.99992 2.30391 1.24103 1.19277 1.02847
threshold=-0.29281684922209378 -1.1967135652468945 4.1708576516882028 -1.1657830024254059 -0.22675024694484455 -1.3347799957433633
decision_type=2 2 2 2 2 2
left_child=3 5 -3 -1 -5 -2
right_child=1 2 -4 4 -6 -7
leaf_value=0.0014250907612893531 -0.00041678206840970778 0.00023939188691276495 0.0034268784988320906 -0.0001188050892959767 -0.00088680445523646033 -0.0025670088923068855
leaf_weight=144 226 5071 85 2059 1172 129
leaf_count=144 226 5071 85 2059 1172 129
internal_value=1.50383e-07 0.000195968 0.000292046 -0.000319592 -0.000397417 -0.00119895
internal_weight=8886 5511 5156 3375 3231 355
internal_count=8886 5511 5156 3375 3231 355
is_linear=0
shrinkage=0.0192184


Tree=249
num_leaves=7
num_cat=0
split_feature=2 3 0 3 1 1
split_gain=1.46398 1.66943 2.91143 1.34159 1.25075 0.884447
threshold=-0.17338463192074569 -0.077826597762448824 -0.5048536874216395 -1.9565310487933938 0.083773467234851032 -0.95700459306315777
decision_type=2 2 2 2 2 2
left_child=4 3 -3 -2 5 -1
right_child=1 2 -4 -5 -6 -7
leaf_value=0.0017934214460737397 0.0013487131307445108 -0.0013978294792902706 0.00096923575618909554 -0.00027895087863541044 -0.0023201578751837894 -0.00020543958609189921
leaf_weight=83 209 217 1652 1768 102 4855
leaf_count=83 209 217 1652 1768 102 4855
internal_value=1.47877e-07 0.000282527 0.00069431 -0.000106784 -0.000215336 -0.000171784
internal_weight=8886 3846 1869 1977 5040 4938
internal_count=8886 3846 1869 1977 5040 4938
is_linear=0
shrinkage=0.0192184


Tree=250
num_leaves=8
num_cat=0
split_feature=10 9 4 1 1 3 9
split_gain=1.43595 2.63777 4.67534 1.71055 1.49089 1.49629 0.605025
threshold=1.0000000180025095e-35 0.30957875305241833 0.22092281815232148 3.0143853738634556 -0.6831156298268396 -2.0135989587424605 -1.0136356126460027
decision_type=2 2 2 2 2 2 2
left_child=4 3 -3 -2 6 -6 -1
right_child=1 2 -4 -5 5 -7 -8
leaf_value=-0.00048577469353495528 -6.8766513525619596e-05 0.00058142435899979927 0.004895603676469751 -0.0029109175728020847 0.0016645158972599132 -0.00019394736385520549 -0.0020526053583451824
leaf_weight=158 2153 1694 98 81 166 4321 215
leaf_count=158 2153 1694 98 81 166 4321 215
internal_value=1.44991e-07 0.00026856 0.000817777 -0.000172021 -0.00022221 -0.000125134 -0.00138941
internal_weight=8886 4026 1792 2234 4860 4487 373
internal_count=8886 4026 1792 2234 4860 4487 373
is_linear=0
shrinkage=0.0192184


Tree=251
num_leaves=6
num_cat=0
split_feature=9 2 1 1 9
split_gain=1.41729 2.48778 2.09131 0.935503 0.296883
threshold=-1.1967135652468945 4.1708576516882028 -0.87483790409226236 -0.080559910706939852 -1.3347799957433633
decision_type=2 2 2 2 2
left_child=3 2 -2 4 -1
right_child=1 -3 -4 -5 -6
leaf_value=-0.00027233076734798576 0.0026987018138853679 0.0033606979657065405 1.9434563435209002e-05 -0.0026713414047767311 -0.00096750072003089335
leaf_weight=757 109 85 7534 77 324
leaf_count=757 109 85 7534 77 324
internal_value=1.42687e-07 9.41005e-05 5.77012e-05 -0.000626816 -0.000480804
internal_weight=8886 7728 7643 1158 1081
internal_count=8886 7728 7643 1158 1081
is_linear=0
shrinkage=0.0192184


Tree=252
num_leaves=7
num_cat=0
split_feature=1 0 1 6 1 0
split_gain=1.40811 1.90479 2.21098 1.19552 0.90882 0.781174
threshold=-0.35444887394325797 1.6132691535938319 2.0283851062127103 -0.67178562827714772 0.7575403167961936 -0.2332994770350407
decision_type=2 2 2 2 2 2
left_child=3 2 -2 -1 -3 -5
right_child=1 4 -4 5 -6 -7
leaf_value=0.0014034012644500457 0.00018862916664867994 -0.00055786915700567084 0.0017973120006438339 -0.00014611798251333111 -0.0026645316282546995 -0.00075861290811766048
leaf_weight=144 4722 355 338 1969 96 1262
leaf_count=144 4722 355 338 1969 96 1262
internal_value=1.40702e-07 0.000189462 0.000296141 -0.000308994 -0.00100709 -0.00038538
internal_weight=8886 5511 5060 3375 451 3231
internal_count=8886 5511 5060 3375 451 3231
is_linear=0
shrinkage=0.0192184


Tree=253
num_leaves=8
num_cat=0
split_feature=10 0 1 1 3 1 4
split_gain=1.36708 1.74674 4.44502 1.43889 1.43265 1.3584 0.392542
threshold=1.0000000180025095e-35 -0.5048536874216395 -0.77486843251100634 -0.6831156298268396 -2.0135989587424605 -0.025782118059676232 0.78743308327455519
decision_type=2 2 2 2 2 2 2
left_child=3 5 -3 6 -5 -2 -1
right_child=1 2 -4 4 -6 -7 -8
leaf_value=-0.001681318218582745 -9.9887920170384456e-05 0.0049532086701196149 0.00038996661765832401 0.0016297271326032093 -0.00018878519399541919 -0.0019983512397215128 -0.00014069698809259315
leaf_weight=296 1022 81 2762 166 4321 161 77
leaf_count=296 1022 81 2762 166 4321 161 77
internal_value=1.37733e-07 0.000262036 0.000520253 -0.000216819 -0.000121451 -0.000358498 -0.00136349
internal_weight=8886 4026 2843 4860 4487 1183 373
internal_count=8886 4026 2843 4860 4487 1183 373
is_linear=0
shrinkage=0.0192184


Tree=254
num_leaves=7
num_cat=0
split_feature=6 9 10 4 1 1
split_gain=1.35804 2.19817 1.8466 1.79933 1.2019 0.786406
threshold=-0.23081326860613835 -0.85123652857667664 1.0000000180025095e-35 -0.011235666016642254 0.083773467234851032 -0.95700459306315777
decision_type=2 2 2 2 2 2
left_child=4 3 -3 -2 5 -1
right_child=1 2 -4 -5 -6 -7
leaf_value=0.0016883736071952994 -0.00033082038681433648 -2.9818929621699143e-05 0.00085103368890374889 -0.00347337290611093 -0.0022707129724769417 -0.00019644685803510748
leaf_weight=83 236 1749 1767 94 102 4855
leaf_count=83 236 1749 1767 94 102 4855
internal_value=1.36064e-07 0.000272106 0.00041288 -0.00122724 -0.000207405 -0.000164711
internal_weight=8886 3846 3516 330 5040 4938
internal_count=8886 3846 3516 330 5040 4938
is_linear=0
shrinkage=0.0192184


Tree=255
num_leaves=8
num_cat=0
split_feature=5 0 5 9 2 9 9
split_gain=1.32019 1.75053 2.1719 1.44371 4.11241 1.54609 1.08621
threshold=-0.3209061770419161 1.6132691535938319 1.4925291837611192 0.99571293974263997 -0.45226646456521541 -0.22675024694484455 1.4249938120407826
decision_type=2 2 2 2 2 2 2
left_child=3 2 -2 5 -5 -1 -3
right_child=1 6 -4 4 -6 -7 -8
leaf_value=-0.00016872591286330122 0.0001572373859718019 -0.0015775162122768803 0.0017457092143774292 0.0044517097951965092 -0.001357255559165198 -0.0012129741119681599 0.00035251143579287831
leaf_weight=1833 5312 329 338 83 98 733 160
leaf_count=1833 5312 329 338 83 98 733 160
internal_value=1.32116e-07 0.00015683 0.000252312 -0.000350045 0.00130811 -0.000467083 -0.000946102
internal_weight=8886 6139 5650 2747 181 2566 489
internal_count=8886 6139 5650 2747 181 2566 489
is_linear=0
shrinkage=0.0192184


Tree=256
num_leaves=7
num_cat=0
split_feature=9 2 1 0 1 3
split_gain=1.31428 2.27573 1.95472 0.922014 1.53527 0.701702
threshold=-1.1967135652468945 4.1708576516882028 -0.87483790409226236 -1.6453813710453546 -0.11479603111147961 -0.077826585468010148
decision_type=2 2 2 2 2 2
left_child=3 2 -2 5 -5 -1
right_child=1 -3 -4 4 -6 -7
leaf_value=-0.0004295861478723896 0.0026090947118850389 0.0032148887574235839 1.8800122325789651e-05 -0.00062307803903959111 -0.0034503208993362008 0.0018665619505416158
leaf_weight=111 109 85 7534 882 77 88
leaf_count=111 109 85 7534 882 77 88
internal_value=1.30405e-07 9.06095e-05 5.5796e-05 -0.000603615 -0.000850628 0.000586476
internal_weight=8886 7728 7643 1158 959 199
internal_count=8886 7728 7643 1158 959 199
is_linear=0
shrinkage=0.0192184


Tree=257
num_leaves=7
num_cat=0
split_feature=2 3 3 2 9 1
split_gain=1.28569 1.77559 2.03205 1.15111 1.32287 0.589669
threshold=-0.31335174038004565 0.22154708735846193 -0.077826594306335733 -1.1657830024254059 -0.67834253002704437 0.046798457197948042
decision_type=2 2 2 2 2 2
left_child=3 2 -2 4 -1 -5
right_child=1 -3 -4 5 -6 -7
leaf_value=-6.9394714315030079e-05 1.2607098987980505e-05 -0.0026651914424040985 0.00089651835683263387 -0.00029534356318126214 0.0030910955671494119 -0.0018601007798120777
leaf_weight=128 3506 78 1323 3681 79 91
leaf_count=128 3506 78 1323 3681 79 91
internal_value=1.29022e-07 0.000208293 0.000254794 -0.000256581 0.00113824 -0.000333172
internal_weight=8886 4907 4829 3979 207 3772
internal_count=8886 4907 4829 3979 207 3772
is_linear=0
shrinkage=0.0192184


Tree=258
num_leaves=7
num_cat=0
split_feature=9 2 5 7 5 3
split_gain=1.24741 2.17384 1.88155 0.886977 1.47947 0.676485
threshold=-1.1967135652468945 4.1708576516882028 -0.53616066328811895 -1.297204688250621 -0.16309473003864636 -0.077826585468010148
decision_type=2 2 2 2 2 2
left_child=3 2 -2 5 -5 -1
right_child=1 -3 -4 4 -6 -7
leaf_value=-0.00041844289235463999 0.0025593024641574953 0.0031418088213508132 1.7951386858704598e-05 -0.00060695787109863819 -0.0033823466360364818 0.001836073141934416
leaf_weight=111 109 85 7534 882 77 88
leaf_count=111 109 85 7534 882 77 88
internal_value=1.26224e-07 8.82735e-05 5.42483e-05 -0.000588059 -0.000830334 0.000579199
internal_weight=8886 7728 7643 1158 959 199
internal_count=8886 7728 7643 1158 959 199
is_linear=0
shrinkage=0.0192184


Tree=259
num_leaves=8
num_cat=0
split_feature=1 7 2 7 2 1 2
split_gain=1.2457 1.69374 1.98647 1.4117 5.618 0.942297 0.857285
threshold=-0.40922666659052159 1.8782400189097286 2.1797466050341012 1.3839182139806434 -0.45226646456521541 0.7575403167961936 -0.46279030730651621
decision_type=2 2 2 2 2 2 2
left_child=3 2 -2 6 -5 -3 -1
right_child=1 5 -4 4 -6 -7 -8
leaf_value=-0.00071045880735100481 0.00015749701551355741 -0.00051506780431341255 0.0017093148564975098 0.0052353825762079401 -0.0015795302697225373 -0.0026378869367853696 2.9682992980213332e-05
leaf_weight=1684 5327 393 323 77 106 96 880
leaf_count=1684 5327 393 323 77 106 96 880
internal_value=1.24896e-07 0.000152338 0.000246258 -0.000340029 0.00129002 -0.000932555 -0.000456445
internal_weight=8886 6139 5650 2747 183 489 2564
internal_count=8886 6139 5650 2747 183 489 2564
is_linear=0
shrinkage=0.0192184


Tree=260
num_leaves=8
num_cat=0
split_feature=10 9 2 2 5 3 9
split_gain=1.20428 2.34455 4.30097 1.88469 1.37854 1.32731 0.608749
threshold=1.0000000180025095e-35 0.30957875305241833 -0.54171912786627174 2.1797466050341012 -0.44010389457784588 -2.0135989587424605 0.059566568099353005
decision_type=2 2 2 2 2 2 2
left_child=4 3 -3 -2 6 -6 -1
right_child=1 2 -4 -5 5 -7 -8
leaf_value=-0.00088463691519054613 -5.7637581397525105e-05 0.0046748758570603621 0.00053703517915741031 -0.0029564618814855743 0.0015849109080834673 -0.00016605588466880557 -0.0027239298483200136
leaf_weight=369 2148 98 1694 86 166 4244 81
leaf_count=369 2148 98 1694 86 166 4244 81
internal_value=1.23085e-07 0.000245933 0.000763726 -0.000169437 -0.000203506 -0.00010009 -0.00121657
internal_weight=8886 4026 1792 2234 4860 4410 450
internal_count=8886 4026 1792 2234 4860 4410 450
is_linear=0
shrinkage=0.0192184


Tree=261
num_leaves=8
num_cat=0
split_feature=2 0 1 0 2 1 1
split_gain=1.19302 1.80359 1.77419 1.45153 4.39499 0.874592 0.86416
threshold=-0.31335174038004565 1.6132691535938319 2.0283851062127103 1.2874041011299133 -0.48278560851498764 0.7575403167961936 -0.49139335556141706
decision_type=2 2 2 2 2 2 2
left_child=3 2 -2 6 -5 -3 -1
right_child=1 5 -4 4 -6 -7 -8
leaf_value=-0.00069500687446793022 0.00020643432145137371 -0.00052047486230595217 0.0016543589677187251 0.0040231651529861572 -0.0010782839899474222 -0.002595422547466919 -9.9596475927925908e-05
leaf_weight=1522 4131 342 338 111 142 96 2204
leaf_count=1522 4131 342 338 111 142 96 2204
internal_value=1.20708e-07 0.000200643 0.000316 -0.000247165 0.00116103 -0.000976052 -0.00034283
internal_weight=8886 4907 4469 3979 253 438 3726
internal_count=8886 4907 4469 3979 253 438 3726
is_linear=0
shrinkage=0.0192184


Tree=262
num_leaves=7
num_cat=0
split_feature=6 9 4 10 1 6
split_gain=1.15194 2.01201 1.70057 1.66253 1.13125 0.74869
threshold=-0.23081326860613835 -0.85123652857667664 -0.011235666016642254 1.0000000180025095e-35 0.083773467234851032 -0.67178562827714772
decision_type=2 2 2 2 2 2
left_child=4 2 -2 -3 5 -1
right_child=1 3 -4 -5 -6 -7
leaf_value=0.00099282172324852277 -0.00031238610591776127 -3.4770715024272363e-05 -0.003367465415025478 0.00080102800693847721 -0.0021927732394562312 -0.00019861831484254688
leaf_weight=203 236 1749 94 1767 102 4735
leaf_count=203 236 1749 94 1767 102 4735
internal_value=1.18688e-07 0.000250603 -0.00118385 0.000385285 -0.000191026 -0.000149607
internal_weight=8886 3846 330 3516 5040 4938
internal_count=8886 3846 330 3516 5040 4938
is_linear=0
shrinkage=0.0192184


Tree=263
num_leaves=8
num_cat=0
split_feature=1 0 2 9 2 9 9
split_gain=1.12802 1.60169 1.85462 1.29681 3.77057 1.56439 1.04759
threshold=-0.40922666659052159 1.6132691535938319 2.1797466050341012 0.99571293974263997 -0.45226646456521541 -0.22675024694484455 1.4249938120407826
decision_type=2 2 2 2 2 2 2
left_child=3 2 -2 5 -5 -1 -3
right_child=1 6 -4 4 -6 -7 -8
leaf_value=-0.00013438315671955407 0.00015052743707494369 -0.0015301322709007957 0.0016499603100310124 0.0042580688216377833 -0.0013042192638126238 -0.0011847898035404368 0.00036526217208339965
leaf_weight=1833 5327 329 323 83 98 733 160
leaf_count=1833 5327 329 323 83 98 733 160
internal_value=1.1488e-07 0.00014496 0.000236292 -0.000323573 0.00124795 -0.000434497 -0.000910042
internal_weight=8886 6139 5650 2747 181 2566 489
internal_count=8886 6139 5650 2747 181 2566 489
is_linear=0
shrinkage=0.0192184


Tree=264
num_leaves=7
num_cat=0
split_feature=10 1 1 1 1 3
split_gain=1.10398 1.53049 1.86693 1.30028 1.29367 0.378872
threshold=1.0000000180025095e-35 -0.87483790409226236 -0.080559910706939852 -0.6831156298268396 0.41244022311843287 0.22154708735846193
decision_type=2 2 2 2 2 2
left_child=3 -2 -3 5 -5 -1
right_child=1 2 -4 4 -6 -7
leaf_value=-0.0017954729344704127 0.0028985268539890017 -0.00019381660597794477 0.00064653516938527843 -2.2743015785761149e-05 -0.0014115510072292298 -0.00054957518506966506
leaf_weight=220 78 2179 1769 4224 263 153
leaf_count=220 78 2179 1769 4224 263 153
internal_value=1.1346e-07 0.000235465 0.000182734 -0.000194852 -0.000104195 -0.00128489
internal_weight=8886 4026 3948 4860 4487 373
internal_count=8886 4026 3948 4860 4487 373
is_linear=0
shrinkage=0.0192184


Tree=265
num_leaves=7
num_cat=0
split_feature=9 2 10 2 9 0
split_gain=1.11065 1.9733 1.39006 0.85463 0.489287 0.449728
threshold=-1.1967135652468945 4.1708576516882028 1.0000000180025095e-35 -0.2133752343376886 -1.3954950195146145 -1.6453813710453546
decision_type=2 2 2 2 2 2
left_child=3 2 -2 5 -5 -1
right_child=1 -3 -4 4 -6 -7
leaf_value=0.000565398065756863 -0.00018999753979065967 0.002992571832486125 0.00032974373716233184 -0.00070602034449412769 -0.0027318784203784695 -0.00052136683682317954
leaf_weight=170 4101 85 3542 83 94 811
leaf_count=170 4101 85 3542 83 94 811
internal_value=1.11114e-07 8.32859e-05 5.08681e-05 -0.000554895 -0.00178342 -0.000332974
internal_weight=8886 7728 7643 1158 177 981
internal_count=8886 7728 7643 1158 177 981
is_linear=0
shrinkage=0.0192184


Tree=266
num_leaves=7
num_cat=0
split_feature=9 1 1 0 1 9
split_gain=1.0684 1.72211 2.59214 0.82863 1.43882 0.608472
threshold=-1.1967135652468945 -0.87483790409226236 -0.65572673350320787 -1.6453813710453546 -0.27228218497236251 -1.5578941035839409
decision_type=2 2 2 2 2 2
left_child=3 -2 -3 5 -5 -1
right_child=1 2 -4 4 -6 -7
leaf_value=-0.00051643777691963118 0.0024784461718712161 -0.0013739934385607227 0.00013575031028741652 -0.00042157301723666388 -0.0023315546202485648 0.0016088006732667981
leaf_weight=96 109 446 7173 780 179 103
leaf_count=96 109 446 7173 780 179 103
internal_value=1.08879e-07 8.16866e-05 4.73456e-05 -0.000544239 -0.000778411 0.000583962
internal_weight=8886 7728 7619 1158 959 199
internal_count=8886 7728 7619 1158 959 199
is_linear=0
shrinkage=0.0192184


Tree=267
num_leaves=8
num_cat=0
split_feature=2 7 1 7 2 1 1
split_gain=1.05355 1.70031 1.56941 1.37956 4.17207 0.864014 0.806711
threshold=-0.31335174038004565 1.8782400189097286 2.0283851062127103 1.3839182139806434 -0.48278560851498764 0.7575403167961936 -0.49139335556141706
decision_type=2 2 2 2 2 2 2
left_child=3 2 -2 6 -5 -3 -1
right_child=1 5 -4 4 -6 -7 -8
leaf_value=-0.00066580851487115672 0.00019750074409139991 -0.00050115859351503749 0.0015593013650573063 0.0039291708147831906 -0.0010412280559847864 -0.002563503221420222 -9.0530426908055336e-05
leaf_weight=1522 4131 342 338 111 142 96 2204
leaf_count=1522 4131 342 338 111 142 96 2204
internal_value=1.06624e-07 0.000188544 0.00030055 -0.000232276 0.00114057 -0.000953963 -0.00032554
internal_weight=8886 4907 4469 3979 253 438 3726
internal_count=8886 4907 4469 3979 253 438 3726
is_linear=0
shrinkage=0.0192184


Tree=268
num_leaves=7
num_cat=0
split_feature=2 4 0 0 2 9
split_gain=1.01344 1.66385 1.76534 1.32711 4.01347 1.08373
threshold=-0.31335174038004565 0.3953593336225128 1.6132691535938319 1.2874041011299133 -0.48278560851498764 -0.22675024694484455
decision_type=2 2 2 2 2 2
left_child=3 2 -2 5 -5 -1
right_child=1 -3 -4 4 -6 -7
leaf_value=-9.4607692879423918e-05 0.00034541325657673911 -0.0025966770991213708 -0.00093917622651899801 0.0038537681310079736 -0.0010212400194637076 -0.00079742016078384866
leaf_weight=2535 4395 78 434 111 142 1191
leaf_count=2535 4395 78 434 111 142 1191
internal_value=1.04852e-07 0.000184919 0.000229934 -0.00022781 0.00111868 -0.000319284
internal_weight=8886 4907 4829 3979 253 3726
internal_count=8886 4907 4829 3979 253 3726
is_linear=0
shrinkage=0.0192184


Tree=269
num_leaves=7
num_cat=0
split_feature=9 2 1 2 9 0
split_gain=1.00978 1.85241 1.69994 0.829584 0.465318 0.412383
threshold=-1.1967135652468945 4.1708576516882028 -0.87483790409226236 -0.2133752343376886 -1.3954950195146145 -1.6453813710453546
decision_type=2 2 2 2 2 2
left_child=3 2 -2 5 -5 -1
right_child=1 -3 -4 4 -6 -7
leaf_value=0.00054980026645242894 0.0024290928897856435 0.0028981705813861144 1.3500501937185883e-05 -0.00068880733812454859 -0.002664421969859612 -0.00049086136583408166
leaf_weight=170 109 85 7534 83 94 811
leaf_count=170 109 85 7534 83 94 811
internal_value=1.02384e-07 7.94103e-05 4.80012e-05 -0.0005291 -0.00173949 -0.000310459
internal_weight=8886 7728 7643 1158 177 981
internal_count=8886 7728 7643 1158 177 981
is_linear=0
shrinkage=0.0192184


Tree=270
num_leaves=7
num_cat=0
split_feature=5 0 2 2 9 9
split_gain=0.987492 1.46027 1.6529 1.21227 1.16648 1.0132
threshold=-0.3209061770419161 1.6132691535938319 2.1797466050341012 -1.1657830024254059 1.2265233182021087 1.4249938120407826
decision_type=2 2 2 2 2 2
left_child=3 2 -2 -1 -5 -3
right_child=1 5 -4 4 -6 -7
leaf_value=0.0015298114662401761 0.00014186490015356967 -0.0014815585406871474 0.0015574052305087588 -0.0004789862680402194 0.0014910877634983504 0.00038245401779870815
leaf_weight=127 5327 329 323 2504 116 160
leaf_count=127 5327 329 323 2504 116 160
internal_value=1.01122e-07 0.000135624 0.000222831 -0.000302754 -0.000391674 -0.000871727
internal_weight=8886 6139 5650 2747 2620 489
internal_count=8886 6139 5650 2747 2620 489
is_linear=0
shrinkage=0.0192184


Tree=271
num_leaves=7
num_cat=0
split_feature=10 2 2 5 5 3
split_gain=0.981251 1.39117 1.67928 1.2022 1.30369 0.366933
threshold=1.0000000180025095e-35 -0.75114359841815659 -0.14286548797097362 -0.45262038262191179 0.16156077488922846 0.22154708735846193
decision_type=2 2 2 2 2 2
left_child=3 -2 -3 5 -5 -1
right_child=1 2 -4 4 -6 -7
leaf_value=-0.0017342932260509191 0.0027609464060293159 -0.00018541413564062689 0.00061158531087497951 -1.4771497417209557e-05 -0.0014089468587902363 -0.00050824394665039817
leaf_weight=220 78 2179 1769 4224 263 153
leaf_count=220 78 2179 1769 4224 263 153
internal_value=1.00289e-07 0.000221985 0.000171711 -0.000183708 -9.65376e-05 -0.00123183
internal_weight=8886 4026 3948 4860 4487 373
internal_count=8886 4026 3948 4860 4487 373
is_linear=0
shrinkage=0.0192184


Tree=272
num_leaves=7
num_cat=0
split_feature=9 2 1 2 7 9
split_gain=0.952697 1.74693 1.61196 0.805081 0.465689 0.307092
threshold=-1.1967135652468945 4.1708576516882028 -0.87483790409226236 -0.26283729522180199 -1.2077248030316694 -1.3347799957433633
decision_type=2 2 2 2 2 2
left_child=3 2 -2 4 -1 -5
right_child=1 -3 -4 5 -6 -7
leaf_value=9.4496871435569224e-05 0.0023652816405980524 0.0028144608842249519 1.3034304071134851e-05 -0.0009836921158366456 -0.00077520118205386503 -0.0024523389590019899
leaf_weight=547 109 85 7534 136 389 86
leaf_count=547 109 85 7534 136 389 86
internal_value=9.81748e-08 7.7132e-05 4.66302e-05 -0.00051393 -0.000267017 -0.00155401
internal_weight=8886 7728 7643 1158 936 222
internal_count=8886 7728 7643 1158 936 222
is_linear=0
shrinkage=0.0192184


Tree=273
num_leaves=8
num_cat=0
split_feature=1 0 1 0 1 9 9
split_gain=0.932122 1.41019 1.52461 1.14965 3.02851 1.5462 0.972019
threshold=-0.40922666659052159 1.6132691535938319 2.0283851062127103 1.2874041011299133 -0.54617114820868051 -0.22675024694484455 1.4249938120407826
decision_type=2 2 2 2 2 2 2
left_child=3 2 -2 5 -5 -1 -3
right_child=1 6 -4 4 -6 -7 -8
leaf_value=-0.00010113271546353113 0.00013780673957021223 -0.0014554678140801629 0.0014686857356055003 0.0037424194527771112 -0.0012019701440414553 -0.001146430781079958 0.000370270469116997
leaf_weight=1833 5312 329 338 88 95 731 160
leaf_count=1833 5312 329 338 88 95 731 160
internal_value=9.66721e-08 0.000131765 0.000217464 -0.000294145 0.00117685 -0.000399203 -0.00085816
internal_weight=8886 6139 5650 2747 183 2564 489
internal_count=8886 6139 5650 2747 183 2564 489
is_linear=0
shrinkage=0.0192184


Tree=274
num_leaves=8
num_cat=0
split_feature=10 9 2 2 3 8 6
split_gain=0.924834 2.06045 3.9237 2.15026 1.19481 1.40692 0.701915
threshold=1.0000000180025095e-35 0.30957875305241833 -0.49225706698215826 2.1797466050341012 -1.9565310487933938 1.0000000180025095e-35 1.5266524778771615
decision_type=2 2 2 2 2 2 2
left_child=4 3 -3 -2 6 -6 -1
right_child=1 2 -4 -5 5 -7 -8
leaf_value=6.8058897950665109e-05 -5.4468783218299055e-05 0.0041010561176551422 0.00046303958297706918 -0.0031507953977455943 -0.00017266139824058296 -0.001848013355502271 0.0022980061284316477
leaf_weight=99 2148 117 1675 86 4458 193 110
leaf_count=99 2148 117 1675 86 4458 193 110
internal_value=9.54393e-08 0.000215507 0.000700916 -0.000173885 -0.000178351 -0.000242245 0.00124259
internal_weight=8886 4026 1792 2234 4860 4651 209
internal_count=8886 4026 1792 2234 4860 4651 209
is_linear=0
shrinkage=0.0192184


Tree=275
num_leaves=7
num_cat=0
split_feature=2 4 7 7 2 9
split_gain=0.92149 1.57582 1.61972 1.21828 3.7233 1.05562
threshold=-0.31335174038004565 0.3953593336225128 1.8782400189097286 1.3839182139806434 -0.48278560851498764 -0.22675024694484455
decision_type=2 2 2 2 2 2
left_child=3 2 -2 5 -5 -1
right_child=1 -3 -4 4 -6 -7
leaf_value=-8.3136137417877938e-05 0.00033074704732622822 -0.0025306856669439514 -0.00089971785399380457 0.0037072273779980014 -0.00098824101948534276 -0.0007767742493958315
leaf_weight=2535 4395 78 434 111 142 1191
leaf_count=2535 4395 78 434 111 142 1191
internal_value=9.41948e-08 0.000176325 0.000220134 -0.000217236 0.00107287 -0.000304879
internal_weight=8886 4907 4829 3979 253 3726
internal_count=8886 4907 4829 3979 253 3726
is_linear=0
shrinkage=0.0192184


Tree=276
num_leaves=6
num_cat=0
split_feature=1 3 7 2 7
split_gain=0.895523 1.34144 1.60594 1.16174 0.631411
threshold=-0.40922666659052159 -2.0135989587424605 1.8782400189097286 -1.1657830024254059 -1.2764715441145225
decision_type=2 2 2 2 2
left_child=3 -2 -3 -1 -5
right_child=1 2 -4 4 -6
leaf_value=0.0015056434582064787 0.0019876969545084737 0.00017730609130829303 -0.00099381782708740001 0.0005725951475027398 -0.00046923790873612298
leaf_weight=127 140 5530 469 236 2384
leaf_count=127 140 5530 469 236 2384
internal_value=9.19361e-08 0.000129149 8.57233e-05 -0.000288316 -0.000375363
internal_weight=8886 6139 5999 2747 2620
internal_count=8886 6139 5999 2747 2620
is_linear=0
shrinkage=0.0192184


Tree=277
num_leaves=7
num_cat=0
split_feature=9 1 1 6 7 10
split_gain=0.913156 1.50506 1.52762 0.787115 0.44048 0.368595
threshold=-1.1967135652468945 4.849441427546787 -0.87483790409226236 -0.28089353126234134 -1.2077248030316694 1.0000000180025095e-35
decision_type=2 2 2 2 2 2
left_child=3 2 -2 4 -1 -5
right_child=1 -3 -4 5 -6 -7
leaf_value=9.2576919624798299e-05 0.0023033738718282537 0.0025302869461163295 1.3474739391301971e-05 -0.0008831901440500455 -0.00075325357291415498 -0.002479197501150783
leaf_weight=547 109 91 7528 132 389 90
leaf_count=547 109 91 7528 132 389 90
internal_value=9.11401e-08 7.55094e-05 4.62059e-05 -0.000503157 -0.000259016 -0.00153156
internal_weight=8886 7728 7637 1158 936 222
internal_count=8886 7728 7637 1158 936 222
is_linear=0
shrinkage=0.0192184


Tree=278
num_leaves=8
num_cat=0
split_feature=10 9 2 1 1 1 9
split_gain=0.883593 1.97487 3.74115 2.10999 1.15801 1.26487 0.597594
threshold=1.0000000180025095e-35 0.30957875305241833 -0.54171912786627174 2.9322186848925602 -0.6831156298268396 0.41244022311843287 -1.0136356126460027
decision_type=2 2 2 2 2 2 2
left_child=4 3 -3 -2 6 -6 -1
right_child=1 2 -4 -5 5 -7 -8
leaf_value=-0.0003051678064825053 -5.2282393279251361e-05 0.0043335976323975976 0.00047444334569681119 -0.0031194829181825303 -8.2397352056426547e-06 -0.0013815003698453715 -0.0018620829892652192
leaf_weight=158 2148 98 1694 86 4224 263 215
leaf_count=158 2148 98 1694 86 4224 263 215
internal_value=8.96772e-08 0.000210643 0.000685864 -0.000170575 -0.000174333 -8.8779e-05 -0.00120301
internal_weight=8886 4026 1792 2234 4860 4487 373
internal_count=8886 4026 1792 2234 4860 4487 373
is_linear=0
shrinkage=0.0192184


Tree=279
num_leaves=7
num_cat=0
split_feature=2 9 9 9 1 1
split_gain=0.886558 1.46474 5.34766 1.13045 1.59102 1.14103
threshold=0.38543141764232375 -0.62796694052157598 -0.36232899400894431 1.6303054353184707 0.13855125988211467 0.41244022311843287
decision_type=2 2 2 2 2 2
left_child=3 -2 -3 5 -5 -1
right_child=1 2 -4 4 -6 -7
leaf_value=-0.00011204284707757907 -0.0014754324455093209 0.0053494483546463059 0.00029298259791542378 0.00021923461868775303 0.0033707508083901305 -0.0018174183336030715
leaf_weight=6602 145 81 1604 226 80 148
leaf_count=6602 145 81 1604 226 80 148
internal_value=8.72579e-08 0.000377008 0.000536544 -9.76745e-05 0.00104451 -0.000149478
internal_weight=8886 1830 1685 7056 306 6750
internal_count=8886 1830 1685 7056 306 6750
is_linear=0
shrinkage=0.0192184


Tree=280
num_leaves=7
num_cat=0
split_feature=9 2 1 2 9 0
split_gain=0.86212 1.62981 1.4636 0.753533 0.439173 0.379004
threshold=-1.1967135652468945 4.1708576516882028 -0.87483790409226236 -0.2133752343376886 -1.3954950195146145 -1.6453813710453546
decision_type=2 2 2 2 2 2
left_child=3 2 -2 5 -5 -1
right_child=1 -3 -4 4 -6 -7
leaf_value=0.0005441820748395788 0.0022532867474814411 0.0027173438287146612 1.1893879882320047e-05 -0.0006218513819820303 -0.0025410114609224609 -0.00045346875628263927
leaf_weight=170 109 85 7534 83 94 811
leaf_count=170 109 85 7534 83 94 811
internal_value=8.76224e-08 7.33681e-05 4.39065e-05 -0.000488895 -0.00164247 -0.00028052
internal_weight=8886 7728 7643 1158 177 981
internal_count=8886 7728 7643 1158 177 981
is_linear=0
shrinkage=0.0192184


Tree=281
num_leaves=7
num_cat=0
split_feature=6 3 3 7 6 9
split_gain=0.860416 1.50308 1.55548 1.14875 3.52894 1.04239
threshold=-0.30825995602790585 0.22154708735846193 -0.077826593745747935 1.3839182139806434 -0.39532121521836777 -0.22675024694484455
decision_type=2 2 2 2 2 2
left_child=3 2 -2 5 -5 -1
right_child=1 -3 -4 4 -6 -7
leaf_value=-7.467561888045189e-05 7.9890646688313853e-06 -0.0024734184211029349 0.00079300324144914727 0.0036075117646432887 -0.00096376094608577887 -0.000763950510576031
leaf_weight=2535 3567 78 1262 111 142 1191
leaf_count=2535 3567 78 1262 111 142 1191
internal_value=8.66058e-08 0.000170378 0.000213163 -0.000209918 0.00104283 -0.000295024
internal_weight=8886 4907 4829 3979 253 3726
internal_count=8886 4907 4829 3979 253 3726
is_linear=0
shrinkage=0.0192184


Tree=282
num_leaves=7
num_cat=0
split_feature=1 0 2 2 9 9
split_gain=0.837615 1.30573 1.46117 1.11841 1.02127 0.925014
threshold=-0.40922666659052159 1.6132691535938319 2.1797466050341012 -1.1657830024254059 -0.22675024694484455 1.4249938120407826
decision_type=2 2 2 2 2 2
left_child=3 2 -2 -1 -5 -3
right_child=1 5 -4 4 -6 -7
leaf_value=0.0014813478668241546 0.00013123848419582449 -0.0014103447512548897 0.0014621500874478263 -9.0451642707173918e-05 -0.00089006449675276 0.00037069488711153264
leaf_weight=127 5327 329 323 1723 897 160
leaf_count=127 5327 329 323 1723 897 160
internal_value=8.49799e-08 0.0001249 0.000207364 -0.000278842 -0.000364251 -0.000827657
internal_weight=8886 6139 5650 2747 2620 489
internal_count=8886 6139 5650 2747 2620 489
is_linear=0
shrinkage=0.0192184


Tree=283
num_leaves=7
num_cat=0
split_feature=9 2 1 0 1 3
split_gain=0.831323 1.52232 1.41045 0.727744 1.36222 0.63632
threshold=-1.1967135652468945 4.1708576516882028 -0.87483790409226236 -1.6453813710453546 -0.27228218497236251 -0.077826585468010148
decision_type=2 2 2 2 2 2
left_child=3 2 -2 5 -5 -1
right_child=1 -3 -4 4 -6 -7
leaf_value=-0.00039039555379281036 0.002212459580046199 0.0026273453522836108 1.2143918634874187e-05 -0.00035234590884339464 -0.0022107701073417899 0.0017961797623878679
leaf_weight=111 109 85 7534 780 179 88
leaf_count=111 109 85 7534 780 179 88
internal_value=8.37057e-08 7.20434e-05 4.35699e-05 -0.000480086 -0.000699542 0.000577194
internal_weight=8886 7728 7643 1158 959 199
internal_count=8886 7728 7643 1158 959 199
is_linear=0
shrinkage=0.0192184


Tree=284
num_leaves=7
num_cat=0
split_feature=10 9 2 2 4 8
split_gain=0.814944 1.84859 3.58383 2.1566 0.877641 1.35523
threshold=1.0000000180025095e-35 0.30957875305241833 -0.49225706698215826 2.2292086659182151 -3.7540878501949351 1.0000000180025095e-35
decision_type=2 2 2 2 2 2
left_child=4 3 -3 -2 -1 -6
right_child=1 2 -4 -5 5 -7
leaf_value=0.0015950486001285783 -5.0601806095445303e-05 0.0039116126170811085 0.00043472977879351076 -0.0032418706365018421 -0.00014279396651717871 -0.001889437168624934
leaf_weight=102 2153 117 1675 81 4588 170
leaf_count=102 2153 117 1675 81 4588 170
internal_value=8.33989e-08 0.000202292 0.000662069 -0.000166537 -0.000167426 -0.000205263
internal_weight=8886 4026 1792 2234 4860 4758
internal_count=8886 4026 1792 2234 4860 4758
is_linear=0
shrinkage=0.0192184


Tree=285
num_leaves=7
num_cat=0
split_feature=1 0 2 2 1 0
split_gain=0.819969 1.26741 1.39083 1.07721 0.887509 0.645832
threshold=-0.40922666659052159 1.6132691535938319 2.1797466050341012 -1.1499972383134547 0.7575403167961936 -1.5910705289680351
decision_type=2 2 2 2 2 2
left_child=3 2 -2 -1 -3 -5
right_child=1 4 -4 5 -6 -7
leaf_value=0.0013412528056091139 0.00013054923979542412 -0.00040977536110896291 0.0014290340439897908 0.00059973392080961451 -0.0024698771411755856 -0.00046035425188707078
leaf_weight=144 5327 393 323 233 96 2370
leaf_count=144 5327 393 323 233 96 2370
internal_value=8.19974e-08 0.000123575 0.00020482 -0.000275891 -0.000814899 -0.000365431
internal_weight=8886 6139 5650 2747 489 2603
internal_count=8886 6139 5650 2747 489 2603
is_linear=0
shrinkage=0.0192184


Tree=286
num_leaves=7
num_cat=0
split_feature=2 3 3 0 1 1
split_gain=0.803509 1.43504 1.458 1.10235 3.35485 0.756603
threshold=-0.31335174038004565 0.22154708735846193 -0.077826593745747935 1.2874041011299133 -0.49139335556141706 -0.49139335556141706
decision_type=2 2 2 2 2 2
left_child=3 2 -2 5 -5 -1
right_child=1 -3 -4 4 -6 -7
leaf_value=-0.0006157609297758181 7.8087169356222588e-06 -0.002418619090483735 0.00076782671208417254 0.0043347484281232541 -0.00045380225256457641 -5.8638246068725261e-05
leaf_weight=1522 3567 78 1262 78 175 2204
leaf_count=1522 3567 78 1262 78 175 2204
internal_value=8.04801e-08 0.000164644 0.00020645 -0.000202861 0.00102433 -0.00028623
internal_weight=8886 4907 4829 3979 253 3726
internal_count=8886 4907 4829 3979 253 3726
is_linear=0
shrinkage=0.0192184


Tree=287
num_leaves=6
num_cat=0
split_feature=3 3 1 2 1
split_gain=0.793619 1.15711 2.43195 1.6771 0.786096
threshold=-1.9565310487933938 -1.2195845980683033 0.49460691208932833 0.49487938215185168 0.028995674587587398
decision_type=2 2 2 2 2
left_child=4 2 -2 -3 -1
right_child=1 3 -4 -5 -6
leaf_value=0.00011384150018454654 -0.00035210529999484143 -6.7726300260947001e-05 -0.0038913463617340368 0.00079741050204045112 0.0024845761573169087
leaf_weight=116 521 7137 83 936 93
leaf_count=116 521 7137 83 936 93
internal_value=7.94718e-08 -2.8118e-05 -0.000839372 3.25931e-05 0.00116988
internal_weight=8886 8677 604 8073 209
internal_count=8886 8677 604 8073 209
is_linear=0
shrinkage=0.0192184


Tree=288
num_leaves=7
num_cat=0
split_feature=9 2 1 2 9 0
split_gain=0.774334 1.42969 1.34488 0.717236 0.416708 0.339174
threshold=-1.1967135652468945 4.1708576516882028 -0.87483790409226236 -0.2133752343376886 -1.3954950195146145 -1.6453813710453546
decision_type=2 2 2 2 2 2
left_child=3 2 -2 5 -5 -1
right_child=1 -3 -4 4 -6 -7
leaf_value=0.00052011272775248846 0.002159810429424187 0.0025458669095670258 1.1246585184298571e-05 -0.00059464345426259342 -0.0024640410549028966 -0.00042365896635415576
leaf_weight=170 109 85 7534 83 94 811
leaf_count=170 109 85 7534 83 94 811
internal_value=7.76184e-08 6.9527e-05 4.19334e-05 -0.000463341 -0.00158878 -0.000260049
internal_weight=8886 7728 7643 1158 177 981
internal_count=8886 7728 7643 1158 177 981
is_linear=0
shrinkage=0.0192184


Tree=289
num_leaves=7
num_cat=0
split_feature=2 3 7 7 2 9
split_gain=0.763239 1.37783 1.44704 1.05674 3.28253 1.01191
threshold=-0.31335174038004565 0.22154708735846193 1.8782400189097286 1.3839182139806434 -0.48278560851498764 -0.22675024694484455
decision_type=2 2 2 2 2 2
left_child=3 2 -2 5 -5 -1
right_child=1 -3 -4 4 -6 -7
leaf_value=-6.2237411124541224e-05 0.00030597863550838874 -0.0023707836307896284 -0.0008570499978291621 0.0034773364730733675 -0.0009314527724674801 -0.00074136057294418606
leaf_weight=2535 4395 78 434 111 142 1191
leaf_count=2535 4395 78 434 111 142 1191
internal_value=7.67401e-08 0.000160463 0.000201427 -0.000197714 0.00100381 -0.00027934
internal_weight=8886 4907 4829 3979 253 3726
internal_count=8886 4907 4829 3979 253 3726
is_linear=0
shrinkage=0.0192184


Tree=290
num_leaves=7
num_cat=0
split_feature=1 9 0 1 9 1
split_gain=0.758413 2.7667 1.32149 1.29625 1.26505 0.814638
threshold=-0.49139335556141706 1.0111054809804221 1.6132691535938319 2.0283851062127103 -0.22675024694484455 0.7575403167961936
decision_type=2 2 2 2 2 2
left_child=1 4 3 -2 -1 -4
right_child=2 -3 5 -5 -6 -7
leaf_value=-0.00020955061616343321 0.00010402634569095619 0.0026883252655731378 -0.00047554477925387069 0.0013262957952582689 -0.0013629807880458414 -0.0024317252854214977
leaf_weight=1308 6127 105 432 338 480 96
leaf_count=1308 6127 105 432 338 480 96
internal_value=7.48313e-08 -0.000341159 9.24526e-05 0.00016796 -0.000519293 -0.000831853
internal_weight=8886 1893 6993 6465 1788 528
internal_count=8886 1893 6993 6465 1788 528
is_linear=0
shrinkage=0.0192184


Tree=291
num_leaves=6
num_cat=0
split_feature=3 3 4 5 5
split_gain=0.758449 1.12326 2.94449 2.35403 0.749478
threshold=-1.9565310487933938 -1.2195845980683033 -1.0204625401209737 0.21701172773561339 -0.079891011914321727
decision_type=2 2 2 2 2
left_child=4 3 -3 -2 -1
right_child=1 2 -4 -5 -6
leaf_value=0.00011250755956166852 -0.0003473950963681851 0.0031819368057595413 -1.0445821239975518e-05 -0.0038294750502081043 0.0024273704053479508
leaf_weight=116 521 108 7965 83 93
leaf_count=116 521 108 7965 83 93
internal_value=7.32599e-08 -2.74924e-05 3.23242e-05 -0.000826792 0.00114366
internal_weight=8886 8677 8073 604 209
internal_count=8886 8677 8073 604 209
is_linear=0
shrinkage=0.0192184


Tree=292
num_leaves=7
num_cat=0
split_feature=9 2 1 2 3 0
split_gain=0.742893 1.3398 1.29556 0.699032 0.614574 0.397955
threshold=-1.1967135652468945 4.1708576516882028 -0.87483790409226236 -0.26283729522180199 -0.66282957887400473 -1.4281380027360757
decision_type=2 2 2 2 2 2
left_child=3 2 -2 5 -5 -1
right_child=1 -3 -4 4 -6 -7
leaf_value=0.00011041505870268794 0.0021200620435845221 0.0024653264634952789 1.1266252412596882e-05 -0.00018619980046813016 -0.0022493773521571835 -0.00069354559620022379
leaf_weight=547 109 85 7534 89 133 389
leaf_count=547 109 85 7534 89 133 389
internal_value=7.23814e-08 6.80972e-05 4.13851e-05 -0.000453841 -0.00142299 -0.000223769
internal_weight=8886 7728 7643 1158 222 936
internal_count=8886 7728 7643 1158 222 936
is_linear=0
shrinkage=0.0192184


Tree=293
num_leaves=7
num_cat=0
split_feature=5 9 7 5 9 5
split_gain=0.732986 2.65536 1.27459 1.22369 1.223 0.780375
threshold=-0.36194861458176003 1.0111054809804221 1.8782400189097286 1.4925291837611192 -0.22675024694484455 0.40323960496427558
decision_type=2 2 2 2 2 2
left_child=1 4 3 -2 -1 -4
right_child=2 -3 5 -5 -6 -7
leaf_value=-0.00020535605332670939 0.00010292419439117034 0.0026325081987518006 -0.0004681310342182851 0.0012904953104605342 -0.0013394515638026302 -0.0023827342371787199
leaf_weight=1308 6127 105 432 338 480 96
leaf_count=1308 6127 105 432 338 480 96
internal_value=7.15419e-08 -0.000335393 9.08875e-05 0.000165043 -0.000509906 -0.000816867
internal_weight=8886 1893 6993 6465 1788 528
internal_count=8886 1893 6993 6465 1788 528
is_linear=0
shrinkage=0.0192184


Tree=294
num_leaves=6
num_cat=0
split_feature=3 3 4 5 5
split_gain=0.726283 1.08521 2.81777 2.27721 0.716929
threshold=-1.9565310487933938 -1.2195845980683033 -1.0204625401209737 0.21701172773561339 -0.079891011914321727
decision_type=2 2 2 2 2
left_child=4 3 -3 -2 -1
right_child=1 2 -4 -5 -6
leaf_value=0.00011062996889714061 -0.00034104038227562129 0.0031129799565725149 -9.9495338993805766e-06 -0.0037658309468764132 0.0023746699682005786
leaf_weight=116 521 108 7965 83 93
leaf_count=116 521 108 7965 83 93
internal_value=7.00354e-08 -2.69047e-05 3.189e-05 -0.00081255 0.00111914
internal_weight=8886 8677 8073 604 209
internal_count=8886 8677 8073 604 209
is_linear=0
shrinkage=0.0192184


Tree=295
num_leaves=8
num_cat=0
split_feature=10 9 2 2 5 6 9
split_gain=0.723734 1.711 3.36846 2.28372 1.09217 1.48429 0.59995
threshold=1.0000000180025095e-35 0.30957875305241833 -0.49225706698215826 2.1797466050341012 0.27377254560986569 1.5266524778771615 0.61229873072879759
decision_type=2 2 2 2 2 2 2
left_child=4 3 -3 -2 5 -1 -6
right_child=1 2 -4 -5 6 -7 -8
leaf_value=-0.00014868065728035991 -4.1145476454092373e-05 0.0037833500700082908 0.00041255978539359289 -0.0032321179786327773 -0.00063355125626799152 0.0024419254876639289 -0.0029217357911729843
leaf_weight=4606 2148 117 1675 86 94 83 77
leaf_count=4606 2148 117 1675 86 94 83 77
internal_value=6.92021e-08 0.000190627 0.000632962 -0.000164211 -0.000157788 -0.000102741 -0.0016657
internal_weight=8886 4026 1792 2234 4860 4689 171
internal_count=8886 4026 1792 2234 4860 4689 171
is_linear=0
shrinkage=0.0192184


Tree=296
num_leaves=7
num_cat=0
split_feature=1 7 7 7 1 9
split_gain=0.714115 2.54703 1.41702 1.23787 1.20583 0.754259
threshold=-0.49139335556141706 1.3839182139806434 0.51312616026450619 1.8782400189097286 2.0283851062127103 1.4249938120407826
decision_type=2 2 2 2 2 2
left_child=1 2 -1 4 -2 -5
right_child=3 -3 -4 5 -6 -7
leaf_value=-0.00032474088598740856 0.00010112294417470065 0.0024914015204884673 -0.0021180948188192009 -0.0013009077329696082 0.0012799914492395493 0.00025826483271566375
leaf_weight=1601 6127 111 181 360 338 168
leaf_count=1601 6127 111 181 360 338 168
internal_value=6.77309e-08 -0.00033105 -0.000507071 8.97071e-05 0.000162787 -0.000804876
internal_weight=8886 1893 1782 6993 6465 528
internal_count=8886 1893 1782 6993 6465 528
is_linear=0
shrinkage=0.0192184


Tree=297
num_leaves=5
num_cat=0
split_feature=9 1 0 4
split_gain=0.705098 1.2252 0.903333 0.308341
threshold=-1.5906226887410431 4.849441427546787 -1.6453813710453546 0.22836495877071686
decision_type=2 2 2 2
left_child=3 2 -2 -1
right_child=1 -3 -4 -5
leaf_value=-0.0019572903265659136 0.0015042747483002966 0.0022168937066275258 -2.4722382132140643e-05 -0.00037004410638355782
leaf_weight=93 145 93 8467 88
leaf_count=93 145 93 8467 88
internal_value=6.65687e-08 2.47627e-05 1.04878e-06 -0.00118662
internal_weight=8886 8705 8612 181
internal_count=8886 8705 8612 181
is_linear=0
shrinkage=0.0192184


Tree=298
num_leaves=6
num_cat=0
split_feature=9 5 5 5 0
split_gain=0.696726 1.20734 2.22629 0.686174 0.305904
threshold=-1.1967135652468945 -0.53616066328811895 -0.44010389457784588 -0.14363777660386659 -1.1565837923494768
decision_type=2 2 2 2 2
left_child=3 -2 -3 4 -1
right_child=1 2 -4 -5 -6
leaf_value=-0.00043297694625880537 0.00207276173321613 -0.0012800353827053632 0.00011911827659167467 -0.002190480236484525 0.00056714623134390739
leaf_weight=953 109 446 7173 77 128
leaf_count=953 109 446 7173 77 128
internal_value=6.57574e-08 6.5943e-05 3.71891e-05 -0.000439517 -0.000314484
internal_weight=8886 7728 7619 1158 1081
internal_count=8886 7728 7619 1158 1081
is_linear=0
shrinkage=0.0192184


Tree=299
num_leaves=6
num_cat=0
split_feature=3 3 5 2 5
split_gain=0.683839 1.02674 2.1655 1.44786 0.681297
threshold=-1.9565310487933938 -1.2195845980683033 0.21701172773561339 0.49487938215185168 -0.079891011914321727
decision_type=2 2 2 2 2
left_child=4 2 -2 -3 -1
right_child=1 3 -4 -5 -6
leaf_value=0.00010282110929557313 -0.00033049824447412365 -6.2133278474621708e-05 -0.0036702297254546769 0.00074170586042746295 0.0023098739367180647
leaf_weight=116 521 7137 83 936 93
leaf_count=116 521 7137 83 936 93
internal_value=6.40827e-08 -2.61106e-05 -0.000790297 3.10782e-05 0.00108594
internal_weight=8886 8677 604 8073 209
internal_count=8886 8677 604 8073 209
is_linear=0
shrinkage=0.0192184


end of trees

feature_importances:
Column_1=593
Column_9=328
Column_2=223
Column_0=182
Column_5=151
Column_10=134
Column_6=83
Column_3=75
Column_7=69
Column_4=66
Column_8=7

parameters:
[boosting: gbdt]
[objective: regression]
[metric: l2]
[tree_learner: serial]
[device_type: cpu]
[data_sample_strategy: bagging]
[data: ]
[valid: ]
[num_iterations: 300]
[learning_rate: 0.0192184]
[num_leaves: 150]
[num_threads: 12]
[seed: 42]
[deterministic: 0]
[force_col_wise: 0]
[force_row_wise: 0]
[histogram_pool_size: -1]
[max_depth: 3]
[min_data_in_leaf: 77]
[min_sum_hessian_in_leaf: 0.001]
[bagging_fraction: 0.920888]
[pos_bagging_fraction: 1]
[neg_bagging_fraction: 1]
[bagging_freq: 0]
[bagging_seed: 400]
[bagging_by_query: 0]
[feature_fraction: 0.716404]
[feature_fraction_bynode: 1]
[feature_fraction_seed: 30056]
[extra_trees: 0]
[extra_seed: 12879]
[early_stopping_round: 0]
[early_stopping_min_delta: 0]
[first_metric_only: 0]
[max_delta_step: 0]
[lambda_l1: 0.000111627]
[lambda_l2: 0.161542]
[linear_lambda: 0]
[min_gain_to_split: 0]
[drop_rate: 0.1]
[max_drop: 50]
[skip_drop: 0.5]
[xgboost_dart_mode: 0]
[uniform_drop: 0]
[drop_seed: 17869]
[top_rate: 0.2]
[other_rate: 0.1]
[min_data_per_group: 100]
[max_cat_threshold: 32]
[cat_l2: 10]
[cat_smooth: 10]
[max_cat_to_onehot: 4]
[top_k: 20]
[monotone_constraints: ]
[monotone_constraints_method: basic]
[monotone_penalty: 0]
[feature_contri: ]
[forcedsplits_filename: ]
[refit_decay_rate: 0.9]
[cegb_tradeoff: 1]
[cegb_penalty_split: 0]
[cegb_penalty_feature_lazy: ]
[cegb_penalty_feature_coupled: ]
[path_smooth: 0]
[interaction_constraints: ]
[verbosity: -1]
[saved_feature_importance_type: 0]
[use_quantized_grad: 0]
[num_grad_quant_bins: 4]
[quant_train_renew_leaf: 0]
[stochastic_rounding: 1]
[linear_tree: 0]
[max_bin: 255]
[max_bin_by_feature: ]
[min_data_in_bin: 3]
[bin_construct_sample_cnt: 200000]
[data_random_seed: 175]
[is_enable_sparse: 1]
[enable_bundle: 1]
[use_missing: 1]
[zero_as_missing: 0]
[feature_pre_filter: 1]
[pre_partition: 0]
[two_round: 0]
[header: 0]
[label_column: ]
[weight_column: ]
[group_column: ]
[ignore_column: ]
[categorical_feature: ]
[forcedbins_filename: ]
[precise_float_parser: 0]
[parser_config_file: ]
[objective_seed: 16083]
[num_class: 1]
[is_unbalance: 0]
[scale_pos_weight: 1]
[sigmoid: 1]
[boost_from_average: 1]
[reg_sqrt: 0]
[alpha: 0.9]
[fair_c: 1]
[poisson_max_delta_step: 0.7]
[tweedie_variance_power: 1.5]
[lambdarank_truncation_level: 30]
[lambdarank_norm: 1]
[label_gain: ]
[lambdarank_position_bias_regularization: 0]
[eval_at: ]
[multi_error_top_k: 1]
[auc_mu_weights: ]
[num_machines: 1]
[local_listen_port: 12400]
[time_out: 120]
[machine_list_filename: ]
[machines: ]
[gpu_platform_id: -1]
[gpu_device_id: -1]
[gpu_use_dp: 0]
[num_gpu: 1]

end of parameters

pandas_categorical:null
